rank,book_name,author,rating_value,rating_count,meta_score_num,number_of_voted_num,book_url,page,Cluster
1.0,And Then There Were None,Agatha Christie,4.27,1706322,75541,765,https://www.goodreads.com/book/show/16299.And_Then_There_Were_None,1,2
2.0,Gone Girl,Gillian Flynn,4.15,3551945,74921,778,https://www.goodreads.com/book/show/19288043-gone-girl,1,2
3.0,A Story of Yesterday,Sergio Cobo,4.49,23950,72045,721,https://www.goodreads.com/book/show/58913358-a-story-of-yesterday,1,2
4.0,"Harry Potter and the Deathly Hallows (Harry Potter, #7)",J.K. Rowling,4.62,4225869,67402,682,https://www.goodreads.com/book/show/136251.Harry_Potter_and_the_Deathly_Hallows,1,2
5.0,Shutter Island,Dennis Lehane,4.14,239018,61833,645,https://www.goodreads.com/book/show/21686.Shutter_Island,1,2
6.0,My Sister's Keeper,Jodi Picoult,4.11,1291035,56739,573,https://www.goodreads.com/book/show/10917.My_Sister_s_Keeper,1,2
7.0,"The Da Vinci Code (Robert Langdon, #2)",Dan Brown,3.94,2581268,51348,527,https://www.goodreads.com/book/show/968.The_Da_Vinci_Code,1,2
8.0,"The Girl With the Dragon Tattoo (Millennium, #1)",Stieg Larsson,4.18,3523760,51206,541,https://www.goodreads.com/book/show/2429135.The_Girl_With_the_Dragon_Tattoo,1,2
9.0,"Harry Potter and the Half-Blood Prince (Harry Potter, #6)",J.K. Rowling,4.58,3768072,48259,494,https://www.goodreads.com/book/show/1.Harry_Potter_and_the_Half_Blood_Prince,1,2
10.0,Fight Club,Chuck Palahniuk,4.18,663290,43987,456,https://www.goodreads.com/book/show/36236124-fight-club,1,2
11.0,"Harry Potter and the Prisoner of Azkaban (Harry Potter, #3)",J.K. Rowling,4.58,5029904,41772,432,https://www.goodreads.com/book/show/5.Harry_Potter_and_the_Prisoner_of_Azkaban,1,2
12.0,"The Hunger Games (The Hunger Games, #1)",Suzanne Collins,4.36,10261354,38462,397,https://www.goodreads.com/book/show/2767052-the-hunger-games,1,2
13.0,"Murder on the Orient Express (Hercule Poirot, #10)",Agatha Christie,4.2,767435,38264,397,https://www.goodreads.com/book/show/853510.Murder_on_the_Orient_Express,1,2
14.0,The Elephant Tree,R.D. Ronald,3.92,45320,37230,396,https://www.goodreads.com/book/show/9293020-the-elephant-tree,1,2
15.0,The Girl on the Train,Paula Hawkins,3.96,3385202,36510,392,https://www.goodreads.com/book/show/22557272-the-girl-on-the-train,1,2
16.0,"Angels & Demons (Robert Langdon, #1)",Dan Brown,3.96,3457403,35871,371,https://www.goodreads.com/book/show/960.Angels_Demons,1,2
17.0,The Zombie Room,R.D. Ronald,3.95,45504,35665,380,https://www.goodreads.com/book/show/29908754-the-zombie-room,1,2
18.0,"The Murder of Roger Ackroyd (Hercule Poirot, #4)",Agatha Christie,4.26,372461,34032,349,https://www.goodreads.com/book/show/16328.The_Murder_of_Roger_Ackroyd,1,2
19.0,Dark Places,Gillian Flynn,3.94,867061,33448,358,https://www.goodreads.com/book/show/5886881-dark-places,1,2
20.0,The Girl Who Played with Fire (Millennium #2),Stieg Larsson,4.26,1004548,33347,357,https://www.goodreads.com/book/show/5060378-the-girl-who-played-with-fire,1,2
21.0,1984,George Orwell,4.21,5748684,32961,354,https://www.goodreads.com/book/show/61439040-1984,1,2
22.0,Pretty Girls,Karin Slaughter,4.0,791249,32220,341,https://www.goodreads.com/book/show/25574782-pretty-girls,1,2
23.0,Never Lie,Freida McFadden,4.08,1746248,30878,327,https://www.goodreads.com/book/show/62080187-never-lie,1,2
24.0,None of This Is True,Lisa Jewell,4.06,1208575,30275,321,https://www.goodreads.com/book/show/62334530-none-of-this-is-true,1,2
25.0,The Woman in the Window,A.J. Finn,3.93,914006,29966,322,https://www.goodreads.com/book/show/40389527-the-woman-in-the-window,1,2
26.0,The Only One Left,Riley Sager,4.12,728331,29890,317,https://www.goodreads.com/book/show/62703226-the-only-one-left,1,2
27.0,Before I Go to Sleep,S.J. Watson,3.9,375782,29884,318,https://www.goodreads.com/book/show/9736930-before-i-go-to-sleep,1,2
28.0,"Big Little Lies (Big Little Lies, #1)",Liane Moriarty,4.31,1148454,29536,319,https://www.goodreads.com/book/show/33516773-big-little-lies,1,2
29.0,Mystic River,Dennis Lehane,4.18,171909,29514,318,https://www.goodreads.com/book/show/21671.Mystic_River,1,2
30.0,"Ender’s Game (Ender's Saga, #1)",Orson Scott Card,4.31,1502534,29161,300,https://www.goodreads.com/book/show/375802.Ender_s_Game,1,2
31.0,"Catching Fire (The Hunger Games, #2)",Suzanne Collins,4.36,4324896,28804,304,https://www.goodreads.com/book/show/6148028-catching-fire,1,2
32.0,Behind Closed Doors,B.A. Paris,3.96,798681,28682,308,https://www.goodreads.com/book/show/29437949-behind-closed-doors,1,2
33.0,"Red Dragon (Hannibal Lecter, #1)",Thomas Harris,4.07,383790,28619,305,https://www.goodreads.com/book/show/28877.Red_Dragon,1,2
34.0,"You (You, #1)",Caroline Kepnes,3.96,300205,27614,294,https://www.goodreads.com/book/show/36430011-you,1,2
35.0,"The Family Upstairs (The Family Upstairs, #1)",Lisa Jewell,3.95,604574,27288,293,https://www.goodreads.com/book/show/43822820-the-family-upstairs,1,2
36.0,Home Before Dark,Riley Sager,4.04,342780,27279,291,https://www.goodreads.com/book/show/50833559-home-before-dark,1,2
37.0,"The Housemaid's Secret (The Housemaid, #2)",Freida McFadden,4.15,1984375,27080,289,https://www.goodreads.com/book/show/62848145-the-housemaid-s-secret,1,2
38.0,Final Girls,Riley Sager,3.81,282747,27059,289,https://www.goodreads.com/book/show/32796253-final-girls,1,2
39.0,Lock Every Door,Riley Sager,3.88,328226,27024,288,https://www.goodreads.com/book/show/41837243-lock-every-door,1,2
40.0,"Harry Potter and the Goblet of Fire (Harry Potter, #4)",J.K. Rowling,4.57,4338717,26805,284,https://www.goodreads.com/book/show/6.Harry_Potter_and_the_Goblet_of_Fire,1,2
41.0,Then She Was Gone,Lisa Jewell,4.03,1089333,26775,285,https://www.goodreads.com/book/show/35297426-then-she-was-gone,1,2
42.0,The Paris Apartment,Lucy Foley,3.64,759571,26718,284,https://www.goodreads.com/book/show/58468990-the-paris-apartment,1,2
43.0,"The Woman in Cabin 10 (Lo Blacklock, #1)",Ruth Ware,3.71,815688,26652,286,https://www.goodreads.com/book/show/28187230-the-woman-in-cabin-10,1,2
44.0,"The Last Thing He Told Me (Hannah Hall, #1)",Laura Dave,3.82,1210650,26584,283,https://www.goodreads.com/book/show/54981009-the-last-thing-he-told-me,1,2
45.0,"The Bone Collector (Lincoln Rhyme, #1)",Jeffery Deaver,4.2,199463,26299,281,https://www.goodreads.com/book/show/2373.The_Bone_Collector,1,2
46.0,The Couple Next Door,Shari Lapena,3.8,744197,26039,279,https://www.goodreads.com/book/show/28815474-the-couple-next-door,1,2
47.0,A Flicker in the Dark,Stacy Willingham,3.96,646079,25331,271,https://www.goodreads.com/book/show/57693172-a-flicker-in-the-dark,1,2
48.0,No Exit,Taylor Adams,3.97,228045,25137,268,https://www.goodreads.com/book/show/35522836-no-exit,1,2
49.0,Brave New World,Aldous Huxley,3.98,2150013,25089,273,https://www.goodreads.com/book/show/5129.Brave_New_World,1,2
50.0,Rebecca,Daphne du Maurier,4.25,762761,24695,257,https://www.goodreads.com/book/show/17899948-rebecca,1,2
51.0,Life of Pi,Yann Martel,3.95,1786217,21707,224,https://www.goodreads.com/book/show/4214.Life_of_Pi,1,2
52.0,The Book Thief,Markus Zusak,4.39,2974129,19203,206,https://www.goodreads.com/book/show/19063.The_Book_Thief,1,2
53.0,Atonement,Ian McEwan,3.96,577814,18961,195,https://www.goodreads.com/book/show/6867.Atonement,1,2
54.0,"A Game of Thrones (A Song of Ice and Fire, #1)",George R.R. Martin,4.45,2812420,17081,180,https://www.goodreads.com/book/show/13496.A_Game_of_Thrones,1,2
55.0,The Thirteenth Tale,Diane Setterfield,3.98,330865,16860,175,https://www.goodreads.com/book/show/40440.The_Thirteenth_Tale,1,2
56.0,Jane Eyre,Charlotte Brontë,4.16,2409687,16385,177,https://www.goodreads.com/book/show/10210.Jane_Eyre,1,2
57.0,Nineteen Minutes,Jodi Picoult,4.18,437018,16371,169,https://www.goodreads.com/book/show/14866.Nineteen_Minutes,1,2
58.0,The Kite Runner,Khaled Hosseini,4.36,3605119,15964,168,https://www.goodreads.com/book/show/77203.The_Kite_Runner,1,2
59.0,"Breaking Dawn (The Twilight Saga, #4)",Stephenie Meyer,3.76,1914379,15629,163,https://www.goodreads.com/book/show/1162543.Breaking_Dawn,1,2
60.0,One Flew Over the Cuckoo’s Nest,Ken Kesey,4.2,795128,15621,171,https://www.goodreads.com/book/show/332613.One_Flew_Over_the_Cuckoo_s_Nest,1,2
61.0,The Host,Stephenie Meyer,3.87,1058374,14838,156,https://www.goodreads.com/book/show/1656001.The_Host,1,2
62.0,"Harry Potter and the Sorcerer's Stone (Harry Potter, #1)",J.K. Rowling,4.47,11788516,14491,157,https://www.goodreads.com/book/show/3.Harry_Potter_and_the_Sorcerer_s_Stone,1,2
63.0,Water for Elephants,Sara Gruen,4.12,1725819,13992,148,https://www.goodreads.com/book/show/43641.Water_for_Elephants,1,2
64.0,The Westing Game,Ellen Raskin,3.98,241197,13654,144,https://www.goodreads.com/book/show/902.The_Westing_Game,1,2
65.0,"Holes (Holes, #1)",Louis Sachar,4.02,1399304,13574,144,https://www.goodreads.com/book/show/38709.Holes,1,2
66.0,Watchmen,Alan Moore,4.39,606239,13173,136,https://www.goodreads.com/book/show/472331.Watchmen,1,2
67.0,"City of Bones (The Mortal Instruments, #1)",Cassandra Clare,4.06,2213535,12875,138,https://www.goodreads.com/book/show/256683.City_of_Bones,1,2
68.0,The Picture of Dorian Gray,Oscar Wilde,4.13,1996171,12540,135,https://www.goodreads.com/book/show/5297.The_Picture_of_Dorian_Gray,1,2
69.0,"Mockingjay (The Hunger Games, #3)",Suzanne Collins,4.13,3866843,12071,134,https://www.goodreads.com/book/show/7260188-mockingjay,1,2
70.0,The Lovely Bones,Alice Sebold,3.86,2487930,11953,131,https://www.goodreads.com/book/show/12232938-the-lovely-bones,1,2
71.0,"The Firm (Penguin Readers, Level 5)",Robin Waterfield,4.07,640250,11611,125,https://www.goodreads.com/book/show/5358.The_Firm,1,2
72.0,The Wasp Factory,Iain Banks,3.76,115235,11166,122,https://www.goodreads.com/book/show/567678.The_Wasp_Factory,1,2
73.0,"The Shadow of the Wind (The Cemetery of Forgotten Books, #1)",Carlos Ruiz Zafón,4.31,750787,11097,118,https://www.goodreads.com/book/show/1232.The_Shadow_of_the_Wind,1,2
74.0,Murder on Family Grounds (Mary Wandwalker #3),Susan Rowland,4.29,16686,10892,114,https://www.goodreads.com/book/show/205338104-murder-on-family-grounds,1,2
75.0,Invisible Monsters,Chuck Palahniuk,3.99,154246,10470,113,https://www.goodreads.com/book/show/36236125-invisible-monsters,1,2
76.0,"Presumed Innocent (Kindle County Legal Thriller, #1)",Scott Turow,4.09,128502,10239,108,https://www.goodreads.com/book/show/425029.Presumed_Innocent,1,2
77.0,Tell No One,Harlan Coben,4.05,199760,10203,109,https://www.goodreads.com/book/show/43933.Tell_No_One,1,2
78.0,"Harry Potter and the Chamber of Secrets (Harry Potter, #2)",J.K. Rowling,4.43,4661654,9911,110,https://www.goodreads.com/book/show/15881.Harry_Potter_and_the_Chamber_of_Secrets,1,2
79.0,Lord of the Flies,William Golding,3.71,3310065,9860,108,https://www.goodreads.com/book/show/7624.Lord_of_the_Flies,1,2
80.0,Girl With Two Names,Patrick Guy Daniels,5.0,48,8786,88,https://www.goodreads.com/book/show/247523429-girl-with-two-names,1,1
81.0,"The Lost Symbol (Robert Langdon, #3)",Dan Brown,3.77,673107,8710,94,https://www.goodreads.com/book/show/6411961-the-lost-symbol,1,2
82.0,The Secret History,Donna Tartt,4.14,1119059,8656,93,https://www.goodreads.com/book/show/29044.The_Secret_History,1,2
83.0,The Name of the Rose,Umberto Eco,4.14,406492,8311,89,https://www.goodreads.com/book/show/119073.The_Name_of_the_Rose,1,2
83.0,Twenty Years Later,Charlie Donlea,4.16,211786,8311,87,https://www.goodreads.com/book/show/57645345-twenty-years-later,1,2
85.0,The Silent Patient,Alex Michaelides,4.16,3596705,8141,88,https://www.goodreads.com/book/show/40097951-the-silent-patient,1,2
86.0,The Boy in the Striped Pajamas,John Boyne,4.16,1004074,7936,84,https://www.goodreads.com/book/show/39999.The_Boy_in_the_Striped_Pajamas,1,2
87.0,American Psycho,Bret Easton Ellis,3.8,381136,7852,91,https://www.goodreads.com/book/show/28676.American_Psycho,1,2
88.0,Great Expectations,Charles Dickens,3.8,894072,7516,82,https://www.goodreads.com/book/show/2623.Great_Expectations,1,2
89.0,"Odd Thomas (Odd Thomas, #1)",Dean Koontz,4.0,278760,7422,81,https://www.goodreads.com/book/show/14995.Odd_Thomas,1,2
90.0,Fahrenheit 451,Ray Bradbury,3.97,2982767,7353,87,https://www.goodreads.com/book/show/13079982-fahrenheit-451,1,2
91.0,The Gift of the Magi,O. Henry,4.11,102871,7073,77,https://www.goodreads.com/book/show/143534.The_Gift_of_the_Magi,1,2
92.0,A Clockwork Orange,Anthony Burgess,4.0,791427,7014,81,https://www.goodreads.com/book/show/41817486-a-clockwork-orange,1,2
93.0,I Am Legend and Other Stories,Richard Matheson,4.0,138005,7011,73,https://www.goodreads.com/book/show/547094.I_Am_Legend_and_Other_Stories,1,2
94.0,A Night to Forget,Robert Laurie,4.75,118,6998,70,https://www.goodreads.com/book/show/240677315-a-night-to-forget,1,1
95.0,Murder In The Blue,P.N. Johnson,4.93,85,6932,70,https://www.goodreads.com/book/show/250641196-murder-in-the-blue,1,1
96.0,Wuthering Heights,Emily Brontë,3.89,2287744,6921,78,https://www.goodreads.com/book/show/6185.Wuthering_Heights,1,2
97.0,Run to the Blue,P.N. Johnson,4.59,157,6872,69,https://www.goodreads.com/book/show/64365519-run-to-the-blue,1,1
98.0,Fingersmith,Sarah Waters,4.02,123657,6867,71,https://www.goodreads.com/book/show/8913370-fingersmith,1,2
99.0,Mademoiselle le Sleuth,Theasa Tuohy,4.31,6401,6660,72,https://www.goodreads.com/book/show/220768368-mademoiselle-le-sleuth,1,2
100.0,"In the Woods (Dublin Murder Squad, #1)",Tana French,3.78,453184,6505,71,https://www.goodreads.com/book/show/2459785.In_the_Woods,1,2
101.0,"Trainspotting (Mark Renton, #2)",Irvine Welsh,4.12,186020,6471,74,https://www.goodreads.com/book/show/135836.Trainspotting,2,2
102.0,"The Hound of the Baskervilles (Sherlock Holmes, #5)",Arthur Conan Doyle,4.13,402748,6373,70,https://www.goodreads.com/book/show/8921.The_Hound_of_the_Baskervilles,2,2
103.0,"The Thief (The Queen's Thief, #1)",Megan Whalen Turner,3.85,95760,6182,64,https://www.goodreads.com/book/show/448873.The_Thief,2,2
104.0,Fruit Loop Killer: A Mark Jeremy Novel,Terry Cavanaugh,4.58,45,6067,61,https://www.goodreads.com/book/show/239271139-fruit-loop-killer,2,1
105.0,"The Talented Mr. Ripley (Ripley, #1)",Patricia Highsmith,3.96,127837,6058,66,https://www.goodreads.com/book/show/2247142.The_Talented_Mr_Ripley,2,2
106.0,"The End (A Series of Unfortunate Events, #13)",Lemony Snicket,4.04,119353,6048,64,https://www.goodreads.com/book/show/65112.The_End,2,2
107.0,Factotum,Charles Bukowski,3.92,77894,5999,69,https://www.goodreads.com/book/show/497199.Factotum,2,2
108.0,"The Silence of the Lambs (Hannibal Lecter, #2)",Thomas Harris,4.26,601036,5991,65,https://www.goodreads.com/book/show/23807.The_Silence_of_the_Lambs,2,2
109.0,"The Spy Who Came In from the Cold (George Smiley, #3)",John le Carré,4.09,133995,5906,65,https://www.goodreads.com/book/show/19494.The_Spy_Who_Came_In_from_the_Cold,2,2
110.0,"The Lion, the Witch and the Wardrobe (Chronicles of Narnia, #1)",C.S. Lewis,4.24,3224247,5895,67,https://www.goodreads.com/book/show/100915.The_Lion_the_Witch_and_the_Wardrobe,2,2
111.0,Plain Truth,Jodi Picoult,4.01,202621,5892,62,https://www.goodreads.com/book/show/14864.Plain_Truth,2,2
112.0,The Forgotten Garden,Kate Morton,4.16,244439,5875,63,https://www.goodreads.com/book/show/3407877-the-forgotten-garden,2,2
113.0,Defending Jacob,William Landay,4.0,315896,5663,60,https://www.goodreads.com/book/show/11367726-defending-jacob,2,2
114.0,"Deeper Than the Dead (Vera Boyett, #1)",Debra Webb,4.04,24682,5583,59,https://www.goodreads.com/book/show/198190467-deeper-than-the-dead,2,2
115.0,"American Gods (American Gods, #1)",Neil Gaiman,4.1,1004095,5550,61,https://www.goodreads.com/book/show/30165203-american-gods,2,2
116.0,Listen for the Lie,Amy Tintera,4.06,632972,5503,58,https://www.goodreads.com/book/show/127279000-listen-for-the-lie,2,2
117.0,Lunar Park,Bret Easton Ellis,3.65,31479,5497,63,https://www.goodreads.com/book/show/4031.Lunar_Park,2,2
118.0,The Bridge to Rembrandt,Nelson K. Foley,4.25,6052,5432,58,https://www.goodreads.com/book/show/58549182-the-bridge-to-rembrandt,2,2
119.0,"Skagboys (Mark Renton, #1)",Irvine Welsh,4.07,18430,5316,60,https://www.goodreads.com/book/show/12926063-skagboys,2,2
120.0,I Am the Messenger,Markus Zusak,4.02,172491,5168,56,https://www.goodreads.com/book/show/19057.I_Am_the_Messenger,2,2
121.0,The Help,Kathryn Stockett,4.47,3093542,5003,56,https://www.goodreads.com/book/show/4667024-the-help,2,2
122.0,"On Her Watch (Bree Taggert, #8)",Melinda Leigh,4.49,22147,4985,53,https://www.goodreads.com/book/show/61138863-on-her-watch,2,2
123.0,"Oedipus Rex (The Theban Plays, #1)",Sophocles,3.73,243476,4942,52,https://www.goodreads.com/book/show/1554.Oedipus_Rex,2,2
124.0,"Echo Road (Mercy Kilpatrick, #9; Bree Taggert, #8.5)",Kendra Elliot,4.53,21560,4857,52,https://www.goodreads.com/book/show/201788158-echo-road,2,2
125.0,"The Golden Compass (His Dark Materials, #1)",Philip Pullman,4.04,1645366,4854,54,https://www.goodreads.com/book/show/119322.The_Golden_Compass,2,2
126.0,"Death at La Fenice (Commissario Brunetti, #1)",Donna Leon,3.89,44610,4824,52,https://www.goodreads.com/book/show/68099.Death_at_La_Fenice,2,2
127.0,The Moonstone,Wilkie Collins,3.91,101169,4809,52,https://www.goodreads.com/book/show/6138.The_Moonstone,2,2
128.0,Sharp Objects,Gillian Flynn,4.0,1278582,4741,54,https://www.goodreads.com/book/show/18045891-sharp-objects,2,2
129.0,"The Fourth Monkey (4MK Thriller, #1)",J.D. Barker,4.25,101033,4725,50,https://www.goodreads.com/book/show/31125554-the-fourth-monkey,2,2
130.0,"The Sweetness at the Bottom of the Pie (Flavia de Luce, #1)",Alan Bradley,3.82,182261,4699,51,https://www.goodreads.com/book/show/40605285-the-sweetness-at-the-bottom-of-the-pie,2,2
131.0,The Doomsday Butcher (Cole Chambers FBI Profiler Thrillers #1),S.E. Stitcher,4.32,4666,4610,48,https://www.goodreads.com/book/show/225578897-the-doomsday-butcher,2,2
132.0,"Passions in Death (In Death, #59)",J.D. Robb,4.27,23419,4608,49,https://www.goodreads.com/book/show/203578776-passions-in-death,2,2
133.0,"Dangerous Play (Kate Green, #2)",Elise Hart Kipness,4.26,3350,4512,48,https://www.goodreads.com/book/show/198327636-dangerous-play,2,2
134.0,The House at Riverton,Kate Morton,3.96,127837,4452,48,https://www.goodreads.com/book/show/1278752.The_House_at_Riverton,2,2
135.0,"And Only to Deceive (Lady Emily, #1)",Tasha Alexander,3.77,22483,4439,48,https://www.goodreads.com/book/show/288159.And_Only_to_Deceive,2,2
136.0,Journey's Paradox (Journey Russo FBI Mystery #6),Mary Stone,4.58,2548,4411,47,https://www.goodreads.com/book/show/217907238-journey-s-paradox,2,1
137.0,"A Curious Beginning (Veronica Speedwell, #1)",Deanna Raybourn,3.96,62774,4388,47,https://www.goodreads.com/book/show/28186322-a-curious-beginning,2,2
138.0,"Still Life (Chief Inspector Armand Gamache, #1)",Louise Penny,3.89,296117,4365,48,https://www.goodreads.com/book/show/338691.Still_Life,2,2
139.0,The Pact,Jodi Picoult,4.03,332252,4304,47,https://www.goodreads.com/book/show/10916.The_Pact,2,2
140.0,"The Reaping (Steinbeck and Reed, #2)",Jess Lourey,4.06,15878,4265,45,https://www.goodreads.com/book/show/198712881-the-reaping,2,2
141.0,The Swimmer,Loreth Anne White,4.11,29455,4181,44,https://www.goodreads.com/book/show/206766189-the-swimmer,2,2
142.0,"Death on the Nile (Hercule Poirot, #18)",Agatha Christie,4.12,322748,4150,46,https://www.goodreads.com/book/show/131359.Death_on_the_Nile,2,2
143.0,"Stripped Bare (Kate Fox, #1)",Shannon Baker,4.03,8583,4130,44,https://www.goodreads.com/book/show/56198498-stripped-bare,2,2
144.0,The Curious Incident of the Dog in the Night-Time,Mark Haddon,3.89,1631962,4116,48,https://www.goodreads.com/book/show/1618.The_Curious_Incident_of_the_Dog_in_the_Night_Time,2,2
145.0,"Cocaine Blues (Phryne Fisher, #1)",Kerry Greenwood,3.84,30751,4096,44,https://www.goodreads.com/book/show/41022009-cocaine-blues,2,2
146.0,"The Anatomist's Wife (Lady Darby Mystery, #1)",Anna Lee Huber,3.96,20316,4080,43,https://www.goodreads.com/book/show/13542496-the-anatomist-s-wife,2,2
147.0,"The Mermaids Singing (Tony Hill & Carol Jordan, #1)",Val McDermid,3.95,28659,4055,43,https://www.goodreads.com/book/show/459386.The_Mermaids_Singing,2,2
148.0,"Being a Witch, and Other Things I Didn't Ask For",Sara Pascoe,4.27,27014,3965,42,https://www.goodreads.com/book/show/34186576-being-a-witch-and-other-things-i-didn-t-ask-for,2,2
149.0,"Her Royal Spyness (Her Royal Spyness Mysteries, #1)",Rhys Bowen,3.83,42588,3951,42,https://www.goodreads.com/book/show/383514.Her_Royal_Spyness,2,2
150.0,"The Somerset Slayings (DI Haig Crime Thrillers, #1)",David J. Gatward,4.32,4184,3935,42,https://www.goodreads.com/book/show/210263630-the-somerset-slayings,2,2
151.0,"Vera Wong's Unsolicited Advice for Murderers (Vera Wong, #1)",Jesse Q. Sutanto,4.01,236447,3910,41,https://www.goodreads.com/book/show/61827543-vera-wong-s-unsolicited-advice-for-murderers,2,2
152.0,"The Nowhere Man (Orphan X, #2)",Gregg Hurwitz,4.16,33260,3905,41,https://www.goodreads.com/book/show/40996287-the-nowhere-man,2,2
153.0,Kornelia,Paloma Estrada,4.81,74,3895,39,https://www.goodreads.com/book/show/239100106-kornelia,2,1
154.0,True North: The Complete Trilogy,Keith Landry,4.68,60,3891,39,https://www.goodreads.com/book/show/249015135-true-north,2,1
155.0,"Birdman (Jack Caffery, #1)",Mo Hayder,3.89,27110,3883,42,https://www.goodreads.com/book/show/130260.Birdman,2,2
156.0,What Lies in the Woods,Kate Alice Marshall,3.94,217443,3815,40,https://www.goodreads.com/book/show/60784373-what-lies-in-the-woods,2,2
157.0,"A Lady's Guide to Etiquette and Murder (Countess of Harleigh Mystery, #1)",Dianne Freeman,3.82,17476,3789,40,https://www.goodreads.com/book/show/36630895-a-lady-s-guide-to-etiquette-and-murder,2,2
158.0,"Hart's Ridge (Hart's Ridge, #1)",Kay Bratt,4.31,20091,3781,40,https://www.goodreads.com/book/show/62711955-hart-s-ridge,2,2
159.0,Gentlemen and Players,Joanne Harris,3.95,19618,3779,39,https://www.goodreads.com/book/show/15102.Gentlemen_and_Players,2,2
160.0,Atlas Shrugged,Ayn Rand,3.69,411832,3773,41,https://www.goodreads.com/book/show/662.Atlas_Shrugged,2,2
161.0,All the Sinners Bleed,S.A. Cosby,4.19,148525,3754,39,https://www.goodreads.com/book/show/61884832-all-the-sinners-bleed,2,2
162.0,"Kiss the Girls (Alex Cross, #2)",James Patterson,4.01,359294,3753,44,https://www.goodreads.com/book/show/13148.Kiss_the_Girls,2,2
163.0,"Every Dead Thing (Charlie Parker, #1)",John Connolly,3.95,34791,3746,40,https://www.goodreads.com/book/show/175242.Every_Dead_Thing,2,2
164.0,"Bruno, Chief of Police (Bruno, Chief of Police, #1)",Martin Walker,3.88,26103,3726,39,https://www.goodreads.com/book/show/3265305-bruno-chief-of-police,2,2
165.0,Les Misérables,Victor Hugo,4.22,864499,3724,41,https://www.goodreads.com/book/show/24280.Les_Mis_rables,2,2
166.0,"City of Glass (The Mortal Instruments, #3)",Cassandra Clare,4.27,1028764,3704,43,https://www.goodreads.com/book/show/3777732-city-of-glass,2,2
167.0,"Executive Orders (Jack Ryan, #8)",Tom Clancy,4.13,54538,3695,38,https://www.goodreads.com/book/show/19675.Executive_Orders,2,2
168.0,The Last Thing She Ever Did,Gregg Olsen,4.04,52844,3687,39,https://www.goodreads.com/book/show/35158801-the-last-thing-she-ever-did,2,2
169.0,"The Butterfly Garden (The Collector, #1)",Dot Hutchison,4.08,317693,3631,39,https://www.goodreads.com/book/show/29981261-the-butterfly-garden,2,2
170.0,"How to Solve Your Own Murder (Castle Knoll Files, #1)",Kristen Perrin,3.79,138577,3626,38,https://www.goodreads.com/book/show/181350367-how-to-solve-your-own-murder,2,2
171.0,"The Sum of All Fears (Jack Ryan, #6)",Tom Clancy,4.09,67937,3624,39,https://www.goodreads.com/book/show/34993.The_Sum_of_All_Fears,2,2
172.0,"The Hobbit, or There and Back Again",J.R.R. Tolkien,4.3,4622316,3610,43,https://www.goodreads.com/book/show/5907.The_Hobbit_or_There_and_Back_Again,2,2
173.0,The Fault in Our Stars,John Green,4.12,5875615,3595,41,https://www.goodreads.com/book/show/11870085-the-fault-in-our-stars,2,2
173.0,The Patient's Secret,Loreth Anne White,4.23,74672,3595,38,https://www.goodreads.com/book/show/57694667-the-patient-s-secret,2,2
175.0,"The Crucifix Killer (Robert Hunter, #1)",Chris Carter,4.28,45264,3555,38,https://www.goodreads.com/book/show/6479723-the-crucifix-killer,2,2
176.0,"The Puppet Show (Washington Poe, #1)",M.W. Craven,4.31,27496,3542,37,https://www.goodreads.com/book/show/39346652-the-puppet-show,2,2
177.0,The Count of Monte Cristo,Alexandre Dumas,4.34,1080130,3540,40,https://www.goodreads.com/book/show/7126.The_Count_of_Monte_Cristo,2,2
178.0,"The Bourne Identity (Jason Bourne, #1)",Robert Ludlum,4.05,444081,3512,41,https://www.goodreads.com/book/show/7869.The_Bourne_Identity,2,2
179.0,"The Marlow Murder Club (Marlow Murder Club, #1)",Robert Thorogood,3.79,87835,3486,37,https://www.goodreads.com/book/show/50576230-the-marlow-murder-club,2,2
180.0,The Chestnut Man,Søren Sveistrup,4.21,92096,3476,37,https://www.goodreads.com/book/show/41154336-the-chestnut-man,2,2
181.0,Steel Blood,Gabriel F.W. Koch,4.32,7241,3466,39,https://www.goodreads.com/book/show/215598873-steel-blood,2,2
182.0,Deception Point,Dan Brown,3.77,709965,3423,38,https://www.goodreads.com/book/show/976.Deception_Point,2,2
183.0,"UNSUB (UNSUB, #1)",Meg Gardiner,4.05,18007,3413,36,https://www.goodreads.com/book/show/32811580-unsub,2,2
184.0,The Erkeley Shadows,Michael Wyndham Thomas,4.3,8035,3402,37,https://www.goodreads.com/book/show/202369408-the-erkeley-shadows,2,2
185.0,The Alchemist,Paulo Coelho,3.92,3744342,3401,38,https://www.goodreads.com/book/show/18144590-the-alchemist,2,2
186.0,"The Hunt for Red October (Jack Ryan, #3)",Tom Clancy,4.12,392989,3396,38,https://www.goodreads.com/book/show/19691.The_Hunt_for_Red_October,2,2
187.0,The Double Bind,Chris Bohjalian,3.64,30933,3380,35,https://www.goodreads.com/book/show/126807.The_Double_Bind,2,2
188.0,Never Let Me Go,Kazuo Ishiguro,3.85,910708,3310,38,https://www.goodreads.com/book/show/6334.Never_Let_Me_Go,2,2
189.0,We Were Liars,E. Lockhart,3.66,1479840,3282,37,https://www.goodreads.com/book/show/16143347-we-were-liars,2,2
190.0,The Woods,Harlan Coben,4.06,115107,3280,39,https://www.goodreads.com/book/show/43931.The_Woods,2,2
191.0,"A Beautiful Blue Death (Charles Lenox Mysteries, #1)",Charles Finch,3.66,18463,3279,35,https://www.goodreads.com/book/show/1044816.A_Beautiful_Blue_Death,2,2
192.0,Hidden Pictures,Jason Rekulak,4.13,687513,3256,34,https://www.goodreads.com/book/show/58724923-hidden-pictures,2,2
193.0,The Runaway Jury,John Grisham,4.03,318348,3238,38,https://www.goodreads.com/book/show/24192.The_Runaway_Jury,2,2
194.0,True North: A Nation Stands,Keith Landry,4.65,48,3177,32,https://www.goodreads.com/book/show/228423327-true-north,2,1
195.0,Who Has Buried the Dead?: From Stalin to Putin … The last great secret of World War Two,K.G.E. Konkel,4.32,1669,3154,35,https://www.goodreads.com/book/show/83171755-who-has-buried-the-dead,2,1
196.0,"The Jigsaw Man (Inspector Anjelica Henley, #1)",Nadine Matheson,3.88,20035,3131,33,https://www.goodreads.com/book/show/53331565-the-jigsaw-man,2,2
197.0,"Divergent (Divergent, #1)",Veronica Roth,4.13,4484152,3112,38,https://www.goodreads.com/book/show/13335037-divergent,2,2
198.0,Animal Farm,George Orwell,4.03,4795944,3042,37,https://www.goodreads.com/book/show/170448.Animal_Farm,2,2
199.0,"The Girl Who Kicked the Hornet’s Nest (Millennium, #3)",Stieg Larsson,4.25,788768,3017,37,https://www.goodreads.com/book/show/6892870-the-girl-who-kicked-the-hornet-s-nest,2,2
200.0,"The Shining (The Shining, #1)",Stephen King,4.28,1765644,3005,37,https://www.goodreads.com/book/show/11588.The_Shining,2,2
201.0,The Wrong Daughter,Dandy Smith,3.96,71048,2997,31,https://www.goodreads.com/book/show/199551453-the-wrong-daughter,3,2
202.0,The Maid's Diary,Loreth Anne White,4.2,125803,2985,31,https://www.goodreads.com/book/show/60588456-the-maid-s-diary,3,2
203.0,"The Last Olympian (Percy Jackson and the Olympians, #5)",Rick Riordan,4.56,1190603,2975,35,https://www.goodreads.com/book/show/4556058-the-last-olympian,3,2
204.0,Childhood’s End,Arthur C. Clarke,4.12,178457,2937,32,https://www.goodreads.com/book/show/414999.Childhood_s_End,3,2
205.0,The Coworker,Freida McFadden,3.73,655164,2934,31,https://www.goodreads.com/book/show/123423832-the-coworker,3,2
206.0,"Crossroads and the Dominion of Four (Crossroads, #2)",C. Toni Graham,4.3,3344,2923,33,https://www.goodreads.com/book/show/36954958-crossroads-and-the-dominion-of-four,3,1
207.0,Drowning,T.J. Newman,4.14,60692,2909,30,https://www.goodreads.com/book/show/59345230-drowning,3,2
208.0,"National Security (Jericho Quinn, #1)",Marc Cameron,4.13,9505,2902,30,https://www.goodreads.com/book/show/12827518-national-security,3,2
209.0,Those Empty Eyes,Charlie Donlea,4.13,116637,2901,30,https://www.goodreads.com/book/show/62984900-those-empty-eyes,3,2
210.0,Shadow's Siege (Shadow Island #15),Mary Stone,4.61,4618,2891,30,https://www.goodreads.com/book/show/209607645-shadow-s-siege,3,1
211.0,"The Maze Runner (The Maze Runner, #1)",James Dashner,4.06,1745334,2890,35,https://www.goodreads.com/book/show/6186357-the-maze-runner,3,2
212.0,"False Flag (Jason Trapp, #2)",Jack Slater,4.53,15662,2888,30,https://www.goodreads.com/book/show/51011287-false-flag,3,1
213.0,Code Red (Mitch Rapp #22),Kyle Mills,4.4,21816,2843,30,https://www.goodreads.com/book/show/109238891-code-red,3,1
214.0,The Odd and The Strange: A Collection of Very Short Fiction,Harvey Havel,4.33,1203,2839,31,https://www.goodreads.com/book/show/55869374-the-odd-and-the-strange,3,1
215.0,"Red Queen (Red Queen, #1)",Victoria Aveyard,3.97,1219942,2807,33,https://www.goodreads.com/book/show/22328546-red-queen,3,2
216.0,"Crossroads and the Himalayan Crystals (Crossroads, #1)",C. Toni Graham,4.33,11432,2800,33,https://www.goodreads.com/book/show/16220184-crossroads-and-the-himalayan-crystals,3,1
216.0,"Hell's Corner (The Camel Club, #5)",David Baldacci,4.2,45894,2800,30,https://www.goodreads.com/book/show/8045080-hell-s-corner,3,2
218.0,"Weapons Grade (Jack Ryan Jr, #17; Jack Ryan Universe, #36)",Don Bentley,4.32,7718,2757,29,https://www.goodreads.com/book/show/75480932-weapons-grade,3,1
219.0,The Locked Door,Freida McFadden,3.97,743663,2748,29,https://www.goodreads.com/book/show/57795665-the-locked-door,3,2
219.0,The Deserter (Scott Brodie & Maggie Taylor #1),Nelson DeMille,4.09,20413,2748,29,https://www.goodreads.com/book/show/44155068-the-deserter,3,2
221.0,"The Black Order (Tom Clancy's Op-Center, #20)",Jeff Rovin,3.9,1164,2733,28,https://www.goodreads.com/book/show/54860442-the-black-order,3,1
222.0,Paradox Effect: Time Travel and Purified DNA Merge to Halt the Collapse of Human Existence,Gabriel F.W. Koch,4.33,10005,2725,31,https://www.goodreads.com/book/show/27111181-paradox-effect,3,1
223.0,Never,Ken Follett,4.09,76257,2705,28,https://www.goodreads.com/book/show/57747930-never,3,2
224.0,"Quicker (Ell Donsaii, #1)",Laurence E. Dahners,4.33,4125,2692,28,https://www.goodreads.com/book/show/21642297-quicker,3,1
225.0,The Traitor's Emblem,Juan Gómez-Jurado,3.86,4391,2691,27,https://www.goodreads.com/book/show/10204213-the-traitor-s-emblem,3,0
226.0,The Assassin's Betrayal (Jason Drake #1),Auston King,4.29,6504,2688,28,https://www.goodreads.com/book/show/55622519-the-assassin-s-betrayal,3,1
227.0,"The Shaft: A Supernatural Thriller (The Global Calling, #1)",Scott B Delaney,4.85,165,2679,27,https://www.goodreads.com/book/show/58581309-the-shaft,3,1
228.0,Slaughterhouse-Five,Kurt Vonnegut Jr.,4.1,1525514,2671,33,https://www.goodreads.com/book/show/4981.Slaughterhouse_Five,3,2
229.0,"Harry Potter and the Order of the Phoenix (Harry Potter, #5)",J.K. Rowling,4.5,3916664,2660,35,https://www.goodreads.com/book/show/2.Harry_Potter_and_the_Order_of_the_Phoenix,3,2
230.0,"Inferno (Robert Langdon, #4)",Dan Brown,3.91,609547,2657,32,https://www.goodreads.com/book/show/17212231-inferno,3,2
231.0,"Judgment Prey (Lucas Davenport, #33; Virgil Flowers, #15)",John Sandford,4.35,28948,2649,28,https://www.goodreads.com/book/show/91246894-judgment-prey,3,1
232.0,Brotherhood of the Goat (Alex Mason #10),David Archer,4.43,3113,2626,27,https://www.goodreads.com/book/show/174200954-brotherhood-of-the-goat,3,1
233.0,His Forefathers and Mick,Michael G. Kramer,4.3,8510,2602,30,https://www.goodreads.com/book/show/219849520-his-forefathers-and-mick,3,1
234.0,This Time Tomorrow,Emma Straub,3.8,166808,2599,27,https://www.goodreads.com/book/show/59089704-this-time-tomorrow,3,2
235.0,Dead Fall (Scot Harvath #22),Brad Thor,4.39,16860,2598,27,https://www.goodreads.com/book/show/63278248-dead-fall,3,1
236.0,"Just One Damned Thing After Another (The Chronicles of St Mary's, #1)",Jodi Taylor,3.87,54567,2589,27,https://www.goodreads.com/book/show/29661618-just-one-damned-thing-after-another,3,2
237.0,House Rules,Jodi Picoult,4.04,192930,2578,28,https://www.goodreads.com/book/show/6614960-house-rules,3,2
238.0,Murder in the Family,Cara Hunter,3.7,55363,2573,27,https://www.goodreads.com/book/show/63241097-murder-in-the-family,3,0
239.0,INNOCENT AGAIN: A LEGAL THRILLER (THE SECOND CHANCE NOVEL SERIES),Steven Decker,4.31,1000,2559,27,https://www.goodreads.com/book/show/228687345-innocent-again,3,1
240.0,The Magus,John Fowles,4.05,66266,2547,28,https://www.goodreads.com/book/show/16286.The_Magus,3,2
241.0,"Eclipse (The Twilight Saga, #3)",Stephenie Meyer,3.75,2037384,2540,30,https://www.goodreads.com/book/show/428263.Eclipse,3,2
242.0,"New Moon (The Twilight Saga, #2)",Stephenie Meyer,3.62,2178499,2538,30,https://www.goodreads.com/book/show/49041.New_Moon,3,2
244.0,The Importance of Being Earnest,Oscar Wilde,4.17,415519,2525,29,https://www.goodreads.com/book/show/92303.The_Importance_of_Being_Earnest,3,2
245.0,The Cases Nobody Wanted (O'Shaughnessy Investigations Inc. Mystery Series Book 1),A.G. Russo,4.35,2100,2522,28,https://www.goodreads.com/book/show/199121904-the-cases-nobody-wanted,3,1
246.0,"Good Girl, Bad Blood (A Good Girl's Guide to Murder, #2)",Holly Jackson,4.25,844568,2520,28,https://www.goodreads.com/book/show/51335759-good-girl-bad-blood,3,2
247.0,Blackbird (Hart's Ridge #9),Kay Bratt,4.59,6343,2514,26,https://www.goodreads.com/book/show/202763540-blackbird,3,1
248.0,"The Lightning Thief (Percy Jackson and the Olympians, #1)",Rick Riordan,4.31,3556680,2510,32,https://www.goodreads.com/book/show/28187.The_Lightning_Thief,3,2
249.0,Winter's Mourn (Winter Black #1),Mary Stone,4.28,36084,2507,26,https://www.goodreads.com/book/show/51018423-winter-s-mourn,3,2
250.0,"The Spy Coast (The Martini Club, #1)",Tess Gerritsen,4.3,119258,2497,26,https://www.goodreads.com/book/show/131068071-the-spy-coast,3,2
251.0,The Ministry of Time,Kaliane Bradley,3.55,266449,2491,26,https://www.goodreads.com/book/show/199798179-the-ministry-of-time,3,0
252.0,Legacy of Shadows: An International Crime Thriller (The Family Legacy Series),Carolyn M. Bowen,4.36,1468,2488,28,https://www.goodreads.com/book/show/209512366-legacy-of-shadows,3,1
253.0,The Goldfinch,Donna Tartt,3.97,1081326,2478,30,https://www.goodreads.com/book/show/17333223-the-goldfinch,3,2
253.0,"One Last Kill (Tracy Crosswhite, #10)",Robert Dugoni,4.48,26570,2478,26,https://www.goodreads.com/book/show/62059957-one-last-kill,3,1
255.0,"Lost Identity (Remmich/Miller, #1)",Karl Braungart,4.28,5861,2471,26,https://www.goodreads.com/book/show/59245765-lost-identity,3,1
256.0,"No Plan B (Jack Reacher, #27)",Lee Child,3.97,66618,2461,26,https://www.goodreads.com/book/show/60048804-no-plan-b,3,2
257.0,Possession,A.S. Byatt,3.9,86468,2458,27,https://www.goodreads.com/book/show/41219.Possession,3,2
258.0,Paper Towns,John Green,3.7,1519489,2450,28,https://www.goodreads.com/book/show/6442769-paper-towns,3,2
259.0,"Wicked: The Life and Times of the Wicked Witch of the West (The Wicked Years, #1)",Gregory Maguire,3.5,696783,2426,29,https://www.goodreads.com/book/show/37442.Wicked,3,0
260.0,"The Giver (Giver, #1)",Lois Lowry,4.12,2899674,2403,29,https://www.goodreads.com/book/show/3636.The_Giver,3,2
260.0,"Betrayal of Faith (Zachary Blake Legal Thriller, #1)",Mark M. Bello,4.32,3325,2403,27,https://www.goodreads.com/book/show/35879147-betrayal-of-faith,3,1
262.0,"The Hero of Ages (Mistborn, #3)",Brandon Sanderson,4.56,651783,2394,26,https://www.goodreads.com/book/show/2767793-the-hero-of-ages,3,2
263.0,Homo Cosmicus 2: Titan: A Science Fiction Novel,Todor Bombov,4.38,1747,2390,27,https://www.goodreads.com/book/show/61085357-homo-cosmicus-2,3,1
264.0,"Mistborn: The Final Empire (Mistborn, #1)",Brandon Sanderson,4.48,1075933,2375,27,https://www.goodreads.com/book/show/68428.Mistborn,3,2
265.0,The Woman in White,Wilkie Collins,4.02,171179,2364,29,https://www.goodreads.com/book/show/5890.The_Woman_in_White,3,2
266.0,"Off the Grid (Joe Pickett, #16)",C.J. Box,4.31,25814,2361,25,https://www.goodreads.com/book/show/25690957-off-the-grid,3,1
267.0,Victor's Blessing,Barbara Sontheimer,4.33,6153,2338,25,https://www.goodreads.com/book/show/63140926-victor-s-blessing,3,1
268.0,"The Last Sentinel (Clayton White, #2)",Simon Gervais,4.34,6262,2337,24,https://www.goodreads.com/book/show/59126607-the-last-sentinel,3,1
269.0,Black Eagle (Jason Trapp #6),Jack Slater,4.5,7117,2323,24,https://www.goodreads.com/book/show/57070959-black-eagle,3,1
270.0,"Before the Coffee Gets Cold (Before the Coffee Gets Cold, #1)",Toshikazu Kawaguchi,3.64,770310,2316,24,https://www.goodreads.com/book/show/44421460-before-the-coffee-gets-cold,3,0
271.0,James Ed Hoskins and the One-Room Schoolhouse: The Unprosecuted Crime Against Children,Shafter Bailey,4.38,861,2310,26,https://www.goodreads.com/book/show/191385541-james-ed-hoskins-and-the-one-room-schoolhouse,3,1
272.0,"The Hitchhiker’s Guide to the Galaxy (The Hitchhiker's Guide to the Galaxy, #1)",Douglas Adams,4.22,2073654,2309,29,https://www.goodreads.com/book/show/386162.The_Hitchhiker_s_Guide_to_the_Galaxy,3,2
273.0,"City of Ashes (The Mortal Instruments, #2)",Cassandra Clare,4.1,1010816,2295,29,https://www.goodreads.com/book/show/1582996.City_of_Ashes,3,2
274.0,How to Stop Time,Matt Haig,3.82,234380,2294,24,https://www.goodreads.com/book/show/45152372-how-to-stop-time,3,0
275.0,"A Team of One (Unsanctioned Asset, #1)",Brad Lee,4.55,7570,2293,24,https://www.goodreads.com/book/show/59354407-a-team-of-one,3,1
276.0,An Old Soul,M. Kevin Hayden,3.96,418,2281,24,https://www.goodreads.com/book/show/233004379-an-old-soul,3,1
277.0,"The Lace Reader (Salem, #1)",Brunonia Barry,3.48,29563,2270,24,https://www.goodreads.com/book/show/1951125.The_Lace_Reader,3,0
278.0,Confessions of an Ugly Stepsister,Gregory Maguire,3.55,62906,2261,24,https://www.goodreads.com/book/show/18943.Confessions_of_an_Ugly_Stepsister,3,0
279.0,"Beautiful Creatures (Caster Chronicles, #1)",Kami Garcia,3.78,626319,2254,26,https://www.goodreads.com/book/show/6304335-beautiful-creatures,3,0
280.0,Macbeth,William Shakespeare,3.89,1053966,2250,28,https://www.goodreads.com/book/show/8852.Macbeth,3,2
281.0,The Historian,Elizabeth Kostova,3.8,281091,2243,26,https://www.goodreads.com/book/show/30236962-the-historian,3,0
282.0,"Stuck in Between (Bound by Your Love, #1)",Blakely Bennett,3.55,1269,2241,23,https://www.goodreads.com/book/show/20560304-stuck-in-between,3,0
283.0,"The A.B.C. Murders (Hercule Poirot, #13)",Agatha Christie,4.03,213940,2233,26,https://www.goodreads.com/book/show/16322.The_A_B_C_Murders,3,2
284.0,Making Hearts,Jack Getze,4.25,2187,2228,24,https://www.goodreads.com/book/show/56313556-making-hearts,3,1
284.0,"Her Name Is Knight (Nena Knight, #1)",Yasmin Angoe,4.31,13712,2228,23,https://www.goodreads.com/book/show/56985443-her-name-is-knight,3,1
286.0,Gabriel's Fire (The Men of Thorne Enterprises #2),Lotchie Burton,4.31,6787,2220,26,https://www.goodreads.com/book/show/41462526-gabriel-s-fire,3,1
287.0,This Is How You Lose the Time War,Amal El-Mohtar,3.82,372580,2209,23,https://www.goodreads.com/book/show/43352954-this-is-how-you-lose-the-time-war,3,0
288.0,The Last Time They Met,Anita Shreve,3.49,19263,2208,23,https://www.goodreads.com/book/show/96082.The_Last_Time_They_Met,3,0
289.0,The Bones at Point No Point (A Thomas Austin Crime Thriller #1),D.D. Black,4.22,24328,2203,23,https://www.goodreads.com/book/show/62100609-the-bones-at-point-no-point,3,1
290.0,"The Hawthorne Legacy (The Inheritance Games, #2)",Jennifer Lynn Barnes,4.18,668208,2186,25,https://www.goodreads.com/book/show/50531218-the-hawthorne-legacy,3,3
291.0,The Road,Cormac McCarthy,4.0,1085503,2163,28,https://www.goodreads.com/book/show/6288.The_Road,3,2
292.0,The Good Girl,Mary Kubica,3.8,295666,2133,25,https://www.goodreads.com/book/show/18812405-the-good-girl,3,0
293.0,Sidewinder (Rachel Hatch #11),L.T. Ryan,4.52,7790,2131,22,https://www.goodreads.com/book/show/148964801-sidewinder,3,1
294.0,Down in the Valley,Lisa Kaniut Cobb,4.38,1108,2128,24,https://www.goodreads.com/book/show/208354245-down-in-the-valley,3,1
295.0,Murder Board (Boston Crime Thriller #1),Brian Christopher Shea,4.18,6276,2114,22,https://www.goodreads.com/book/show/51248257-murder-board,3,1
296.0,Forever and Ever,Anthony Hulse,4.07,115,2108,22,https://www.goodreads.com/book/show/22450983-forever-and-ever,3,1
297.0,Where the Crawdads Sing,Delia Owens,4.37,3786577,2088,26,https://www.goodreads.com/book/show/36809135-where-the-crawdads-sing,3,3
298.0,Misery,Stephen King,4.22,857348,2072,25,https://www.goodreads.com/book/show/10614.Misery,3,3
299.0,The Weight of Water,Anita Shreve,3.65,30282,2052,23,https://www.goodreads.com/book/show/228534.The_Weight_of_Water,3,0
300.0,Eye for Eye (Talion #1),J.K. Franko,4.24,4249,2044,23,https://www.goodreads.com/book/show/43565225-eye-for-eye,3,1
301.0,"Body In The Woods (Jack Ludefance, #2)",Behcet Kaya,4.32,5587,2043,22,https://www.goodreads.com/book/show/48502633-body-in-the-woods,4,1
301.0,A Decade of Desire: Erotic Memoirs from The Office Diaries,Charles Dyson,4.36,730,2043,23,https://www.goodreads.com/book/show/57601103-a-decade-of-desire,4,1
303.0,The Little Prince,Antoine de Saint-Exupéry,4.34,2600098,2041,23,https://www.goodreads.com/book/show/157993.The_Little_Prince,4,3
303.0,The Trial of Joe Harlan Junior (Talion #0.5),J.K. Franko,4.32,913,2041,25,https://www.goodreads.com/book/show/90779476-the-trial-of-joe-harlan-junior,4,1
305.0,"Hunt Them Down (Pierce Hunt, #1)",Simon Gervais,4.28,12123,2027,21,https://www.goodreads.com/book/show/39884814-hunt-them-down,4,1
306.0,Tier One (Tier One #1),Brian Andrews,4.15,16183,2024,21,https://www.goodreads.com/book/show/30196482-tier-one,4,1
307.0,The Catcher in the Rye,J.D. Salinger,3.8,4006690,2022,27,https://www.goodreads.com/book/show/5107.The_Catcher_in_the_Rye,4,2
308.0,"The Bad Beginning (A Series of Unfortunate Events, #1)",Lemony Snicket,4.03,585715,2021,25,https://www.goodreads.com/book/show/78411.The_Bad_Beginning,4,3
308.0,The Frozen River,Ariel Lawhon,4.37,695160,2021,21,https://www.goodreads.com/book/show/112975658-the-frozen-river,4,3
310.0,"Daughter of the Moon Goddess (The Celestial Kingdom, #1)",Sue Lynn Tan,4.05,136679,2018,22,https://www.goodreads.com/book/show/57789637-daughter-of-the-moon-goddess,4,3
311.0,"Wicked Lovely (Wicked Lovely, #1)",Melissa Marr,3.7,166995,2012,23,https://www.goodreads.com/book/show/305234.Wicked_Lovely,4,0
311.0,Isabella Warrior Queen,Michael G. Kramer,4.3,5425,2012,24,https://www.goodreads.com/book/show/162017068-isabella-warrior-queen,4,1
313.0,"Death at a Highland Wedding (A Rip Through Time, #4)",Kelley Armstrong,4.24,6222,2009,21,https://www.goodreads.com/book/show/217387653-death-at-a-highland-wedding,4,1
314.0,In Any Lifetime,Marc Guggenheim,3.78,7432,2003,21,https://www.goodreads.com/book/show/198619824-in-any-lifetime,4,0
315.0,The Great Gatsby,F. Scott Fitzgerald,3.93,6131653,1990,26,https://www.goodreads.com/book/show/4671.The_Great_Gatsby,4,2
316.0,Median Gray,Bill Mesce Jr.,4.28,1995,1986,22,https://www.goodreads.com/book/show/54815513-median-gray,4,1
317.0,Sea of Tranquility,Emily St. John Mandel,4.04,314482,1980,21,https://www.goodreads.com/book/show/58446227-sea-of-tranquility,4,3
318.0,Crime and Punishment,Fyodor Dostoevsky,4.29,1153566,1970,23,https://www.goodreads.com/book/show/7144.Crime_and_Punishment,4,3
319.0,The Mousetrap and Other Plays,Agatha Christie,4.04,6713,1959,21,https://www.goodreads.com/book/show/121655.The_Mousetrap_and_Other_Plays,4,1
320.0,Galactic Energies,Luca Rossi,3.96,514,1957,20,https://www.goodreads.com/book/show/18224520-galactic-energies,4,1
321.0,Room,Emma Donoghue,4.08,848514,1954,25,https://www.goodreads.com/book/show/31685789-room,4,3
322.0,The V Girl: A Coming of Age Story,Mya Robarts,3.95,17058,1924,20,https://www.goodreads.com/book/show/25437891-the-v-girl,4,0
323.0,The Polymorph,Max Nowaz,4.28,21697,1918,24,https://www.goodreads.com/book/show/101265124-the-polymorph,4,1
324.0,"Daughter of the Forest (Sevenwaters, #1)",Juliet Marillier,4.29,73235,1909,21,https://www.goodreads.com/book/show/13928.Daughter_of_the_Forest,4,3
325.0,"Treacherous Estate (Jack Ludefance, #1)",Behcet Kaya,4.26,14805,1908,22,https://www.goodreads.com/book/show/40949958-treacherous-estate,4,1
326.0,Lost Boys,Orson Scott Card,3.62,9775,1907,20,https://www.goodreads.com/book/show/418273.Lost_Boys,4,0
326.0,The Wife in the Photo,Emily Shiner,3.58,7837,1907,20,https://www.goodreads.com/book/show/179641437-the-wife-in-the-photo,4,0
328.0,"Sunday Morning (Sunday Morning, #1)",Jewel E. Ann,4.13,18970,1901,20,https://www.goodreads.com/book/show/218149428-sunday-morning,4,3
329.0,High Finance: a Wall Street novel,Eli Lederman,4.42,38,1900,19,https://www.goodreads.com/book/show/20504741-high-finance,4,1
331.0,The Perks of Being a Wallflower,Stephen Chbosky,4.24,2069438,1889,23,https://www.goodreads.com/book/show/22628.The_Perks_of_Being_a_Wallflower,4,3
332.0,Hamlet,William Shakespeare,4.03,1088753,1878,24,https://www.goodreads.com/book/show/1420.Hamlet,4,3
332.0,"The Half King (The Half King, #1)",Melissa Landers,3.66,11808,1878,20,https://www.goodreads.com/book/show/30734412-the-half-king,4,0
334.0,Searching For Zen: A Tale Of Divine Destiny,Albert T. Franklin,4.39,1019,1875,22,https://www.goodreads.com/book/show/202285960-searching-for-zen,4,1
335.0,A Compromising Position,Diane Merrill Wigginton,4.43,1054,1874,21,https://www.goodreads.com/book/show/63335775-a-compromising-position,4,1
336.0,Persuasion,Jane Austen,4.15,808503,1869,22,https://www.goodreads.com/book/show/2156.Persuasion,4,3
337.0,Lethal Impulse,Steve Rush,4.44,296,1866,22,https://www.goodreads.com/book/show/217228766-lethal-impulse,4,1
338.0,The Viola Factor,Sheridan Brown,4.37,781,1859,21,https://www.goodreads.com/book/show/208506665-the-viola-factor,4,1
339.0,Perfume: The Story of a Murderer,Patrick Süskind,4.04,583809,1856,23,https://www.goodreads.com/book/show/343.Perfume,4,3
339.0,Killing Johnny Miracle,J.K. Franko,4.35,1452,1856,21,https://www.goodreads.com/book/show/196777025-killing-johnny-miracle,4,1
341.0,The Ancestor,Lee Matthew Goldberg,4.25,3398,1850,21,https://www.goodreads.com/book/show/54552798-the-ancestor,4,1
342.0,The Dead Tell Lies,J.F. Kirwan,4.34,1126,1841,21,https://www.goodreads.com/book/show/195464994-the-dead-tell-lies,4,1
343.0,A Scanner Darkly,Philip K. Dick,4.02,113242,1838,21,https://www.goodreads.com/book/show/14817.A_Scanner_Darkly,4,3
343.0,Last Night at the Telegraph Club,Malinda Lo,4.18,128740,1838,20,https://www.goodreads.com/book/show/35224992-last-night-at-the-telegraph-club,4,3
345.0,Unparalleled,D.S. Smith,4.11,4793,1836,20,https://www.goodreads.com/book/show/40881903-unparalleled,4,1
345.0,"Like Lions (Bull Mountain, #2)",Brian Panowich,4.13,4329,1836,19,https://www.goodreads.com/book/show/27272420-like-lions,4,1
347.0,The Husband's Secret,Liane Moriarty,3.94,741146,1835,24,https://www.goodreads.com/book/show/17802724-the-husband-s-secret,4,3
347.0,Breakfast of Champions,Kurt Vonnegut Jr.,4.06,286003,1835,22,https://www.goodreads.com/book/show/4980.Breakfast_of_Champions,4,3
349.0,"The Mysterious Affair at Styles (Hercule Poirot, #1)",Agatha Christie,4.0,534794,1830,22,https://www.goodreads.com/book/show/52843028-the-mysterious-affair-at-styles,4,3
350.0,Signal Moon,Kate Quinn,4.3,32779,1829,19,https://www.goodreads.com/book/show/61045711-signal-moon,4,3
351.0,"A Study in Scarlet (Sherlock Holmes, #1)",Arthur Conan Doyle,4.13,510130,1812,22,https://www.goodreads.com/book/show/102868.A_Study_in_Scarlet,4,3
351.0,Gallant,V.E. Schwab,3.7,154830,1812,19,https://www.goodreads.com/book/show/58064046-gallant,4,0
353.0,"Postmortem (Kay Scarpetta, #1)",Patricia Daniels Cornwell,4.02,269328,1810,20,https://www.goodreads.com/book/show/6534.Postmortem,4,3
354.0,The Arnolfini Art Mysteries,Rich DiSilvio,4.34,6609,1809,19,https://www.goodreads.com/book/show/50919253-the-arnolfini-art-mysteries,4,1
355.0,Don't Be In Love,Liana Cincotti,3.84,27413,1808,20,https://www.goodreads.com/book/show/217439159-don-t-be-in-love,4,0
356.0,Cupid's Poison Arrow,Anthony Hulse,4.68,78,1805,19,https://www.goodreads.com/book/show/27260084-cupid-s-poison-arrow,4,1
357.0,Super Ninja: The Sword of Heaven,William Kely McClung,4.37,1116,1804,20,https://www.goodreads.com/book/show/211288555-super-ninja,4,1
358.0,Witness for the Prosecution and Selected Plays,Agatha Christie,4.07,4510,1800,20,https://www.goodreads.com/book/show/16320.Witness_for_the_Prosecution_and_Selected_Plays,4,1
359.0,Cindy Divine: The Little Girl Who Frightened Kings,Shafter Bailey,4.32,950,1798,22,https://www.goodreads.com/book/show/127401850-cindy-divine,4,1
360.0,"Nothing Better Than You (Better than the Movies, #1.6)",Lynn Painter,4.46,13438,1793,19,https://www.goodreads.com/book/show/218371653-nothing-better-than-you,4,1
361.0,Under the Dome,Stephen King,3.93,331427,1791,21,https://www.goodreads.com/book/show/6320534-under-the-dome,4,3
362.0,Special Topics in Calamity Physics,Marisha Pessl,3.7,49463,1786,20,https://www.goodreads.com/book/show/3483.Special_Topics_in_Calamity_Physics,4,0
363.0,Into the Water,Paula Hawkins,3.58,427374,1779,23,https://www.goodreads.com/book/show/33151805-into-the-water,4,0
364.0,Eragon (The Inheritance Cycle #1),Christopher Paolini,3.97,1984977,1778,21,https://www.goodreads.com/book/show/113436.Eragon,4,3
364.0,The Most Popular President Who Ever Lived [So Far],Nancy Omeara,4.32,1161,1778,20,https://www.goodreads.com/book/show/43308768-the-most-popular-president-who-ever-lived-so-far,4,1
366.0,The Pink Cadillac,Rebecca Harlem,4.31,6355,1774,20,https://www.goodreads.com/book/show/217217019-the-pink-cadillac,4,1
367.0,Around the World in Eighty Days,Jules Verne,3.95,291959,1772,20,https://www.goodreads.com/book/show/54479.Around_the_World_in_Eighty_Days,4,3
368.0,The Harry Potter Wizarding Almanac: The Official Magical Companion to J.K. Rowling's Harry Potter Books,J.K. Rowling,4.29,10026,1771,19,https://www.goodreads.com/book/show/123166296-the-harry-potter-wizarding-almanac,4,1
369.0,"Dead Until Dark (Sookie Stackhouse, #1)",Charlaine Harris,3.97,565900,1764,22,https://www.goodreads.com/book/show/301082.Dead_Until_Dark,4,3
370.0,Annabel Horton: Lost Witch of Salem,Vera Jane Cook,4.37,164,1760,19,https://www.goodreads.com/book/show/17899134-annabel-horton,4,1
371.0,The Monster at the End of This Book,Jon Stone,4.46,127706,1756,21,https://www.goodreads.com/book/show/654169.The_Monster_at_the_End_of_This_Book,4,3
372.0,The Witch's Vampire (Mystery Springs #1),Jami Brumfield,3.55,307,1755,19,https://www.goodreads.com/book/show/22596736-the-witch-s-vampire,4,0
372.0,In Cold Blood,Truman Capote,4.09,754459,1755,24,https://www.goodreads.com/book/show/168642.In_Cold_Blood,4,3
374.0,"Spellbound in His Arms (The Greek Isles Series, #1)",Angel Sefer,3.87,373,1754,18,https://www.goodreads.com/book/show/20936206-spellbound-in-his-arms,4,1
375.0,"Matching Configurations (Quantum Roots, #3)",Kyle Keyes,4.3,6728,1751,21,https://www.goodreads.com/book/show/44790978-matching-configurations,4,1
376.0,The Secret Keeper,Kate Morton,4.16,178507,1749,20,https://www.goodreads.com/book/show/13508607-the-secret-keeper,4,3
377.0,"City of Fallen Angels (The Mortal Instruments, #4)",Cassandra Clare,4.07,650516,1744,21,https://www.goodreads.com/book/show/6752378-city-of-fallen-angels,4,3
378.0,Brain Damage,Freida McFadden,3.96,192074,1740,18,https://www.goodreads.com/book/show/30108909-brain-damage,4,3
378.0,Catch the Sun,Jennifer Hartmann,4.23,41683,1740,19,https://www.goodreads.com/book/show/204125964-catch-the-sun,4,3
380.0,The Trial,Franz Kafka,3.93,420550,1734,21,https://www.goodreads.com/book/show/17690.The_Trial,4,3
381.0,"The Last Battle (Chronicles of Narnia, #7)",C.S. Lewis,4.01,314819,1728,21,https://www.goodreads.com/book/show/84369.The_Last_Battle,4,3
382.0,Girl Missing (Kaitlyn Carr #1),Kate Gable,3.92,12007,1721,18,https://www.goodreads.com/book/show/59238375-girl-missing,4,0
382.0,Lost in Time,A.G. Riddle,4.17,30702,1721,18,https://www.goodreads.com/book/show/60522318-lost-in-time,4,3
384.0,Sophie’s World,Jostein Gaarder,3.97,291331,1719,19,https://www.goodreads.com/book/show/10959.Sophie_s_World,4,3
385.0,The Octunnumi Fosbit Files Prologue,Trevor Alan Foris,4.03,10118,1701,19,https://www.goodreads.com/book/show/40034669-the-octunnumi-fosbit-files-prologue,4,1
386.0,Forty-Ninth,Boris Pronsky,4.06,134,1694,17,https://www.goodreads.com/book/show/58937530-forty-ninth,4,1
387.0,"Desert Outcast (Sovereign, #0.5)",Juddy Anderson C. Punzalan,4.63,322,1687,17,https://www.goodreads.com/book/show/57213211-desert-outcast,4,1
388.0,A Delicate Marriage,Margarita Barresi,4.4,1019,1684,20,https://www.goodreads.com/book/show/183316742-a-delicate-marriage,4,1
389.0,"The Lord of the Rings (The Lord of the Rings, #1-3)",J.R.R. Tolkien,4.55,748005,1680,20,https://www.goodreads.com/book/show/33.The_Lord_of_the_Rings,4,3
389.0,"The Sign of Four (Sherlock Holmes, #2)",Arthur Conan Doyle,3.88,185517,1680,21,https://www.goodreads.com/book/show/608474.The_Sign_of_Four,4,0
391.0,"Enemies Among Us (Nick Reagan, #2)",Jeffrey S. Stephens,4.31,1367,1677,19,https://www.goodreads.com/book/show/195395465-enemies-among-us,4,1
392.0,"Harry Potter Series Box Set (Harry Potter, #1-7)",J.K. Rowling,4.73,306295,1676,20,https://www.goodreads.com/book/show/862041.Harry_Potter_Series_Box_Set,4,3
392.0,"Picking Daisies on Sundays (Picking Daisies on Sundays, #1)",Liana Cincotti,3.99,128146,1676,18,https://www.goodreads.com/book/show/169690624-picking-daisies-on-sundays,4,3
394.0,"Champagne Widows: First Woman of Champagne, Veuve Clicquot",Rebecca Rosenberg,4.28,2494,1667,19,https://www.goodreads.com/book/show/58858616-champagne-widows,4,1
395.0,Haunted,Chuck Palahniuk,3.59,113225,1663,20,https://www.goodreads.com/book/show/22288.Haunted,4,0
396.0,Chasing Headlines (Chasing Victory #1),J. Rose Black,4.22,9577,1661,19,https://www.goodreads.com/book/show/222611395-chasing-headlines,4,1
397.0,"Redwall (Redwall, #1)",Brian Jacques,4.15,132366,1660,19,https://www.goodreads.com/book/show/7996.Redwall,4,3
398.0,Sometimes I Lie,Alice Feeney,3.73,385758,1648,20,https://www.goodreads.com/book/show/32326398-sometimes-i-lie,4,0
399.0,Ubik,Philip K. Dick,4.11,128742,1647,20,https://www.goodreads.com/book/show/22590.Ubik,4,3
400.0,"True Teryn (The Last Lumenian, #2)",S.G. Blaise,4.3,980,1641,19,https://www.goodreads.com/book/show/61205183-true-teryn,4,1
401.0,The Brothers Karamazov,Fyodor Dostoevsky,4.4,413412,1636,20,https://www.goodreads.com/book/show/4934.The_Brothers_Karamazov,5,3
402.0,"The Blade Artist (Mark Renton, #4)",Irvine Welsh,3.83,8472,1630,19,https://www.goodreads.com/book/show/25870405-the-blade-artist,5,0
403.0,"Killing Floor (Jack Reacher, #1)",Lee Child,4.08,360368,1624,20,https://www.goodreads.com/book/show/78129.Killing_Floor,5,3
404.0,Everybody Knows,Jordan Harper,3.71,13621,1622,17,https://www.goodreads.com/book/show/61030532-everybody-knows,5,0
405.0,"Matched (Matched, #1)",Ally Condie,3.62,821282,1619,19,https://www.goodreads.com/book/show/7735333-matched,5,0
406.0,Survivor,Chuck Palahniuk,3.93,125815,1618,18,https://www.goodreads.com/book/show/36236123-survivor,5,3
407.0,"Tinker, Tailor, Soldier, Spy (George Smiley, #5; Karla Trilogy, #1)",John le Carré,4.06,110045,1611,21,https://www.goodreads.com/book/show/10073506-tinker-tailor-soldier-spy,5,3
408.0,"Insurgent (Divergent, #2)",Veronica Roth,3.96,1654908,1604,21,https://www.goodreads.com/book/show/11735983-insurgent,5,3
408.0,Less Than Zero,Bret Easton Ellis,3.62,106469,1604,19,https://www.goodreads.com/book/show/9915.Less_Than_Zero,5,0
410.0,If on a Winter's Night a Traveler,Italo Calvino,4.01,116876,1602,20,https://www.goodreads.com/book/show/374233.If_on_a_Winter_s_Night_a_Traveler,5,3
411.0,"The Surgeon (Rizzoli & Isles, #1)",Tess Gerritsen,4.1,181333,1598,20,https://www.goodreads.com/book/show/32263.The_Surgeon,5,3
412.0,"The Archon of Peace (Sovereign, #1)",Juddy Anderson C. Punzalan,4.57,417,1596,16,https://www.goodreads.com/book/show/56236618-the-archon-of-peace,5,1
413.0,"Hannibal (Hannibal Lecter, #3)",Thomas Harris,3.82,120693,1594,19,https://www.goodreads.com/book/show/32418.Hannibal,5,0
414.0,Midwives,Chris Bohjalian,4.0,164544,1592,18,https://www.goodreads.com/book/show/5166.Midwives,5,3
415.0,"Clockwork Princess (The Infernal Devices, #3)",Cassandra Clare,4.55,485991,1589,20,https://www.goodreads.com/book/show/18335634-clockwork-princess,5,3
415.0,"Vow of Thieves (Dance of Thieves, #2)",Mary E. Pearson,4.29,120639,1589,17,https://www.goodreads.com/book/show/34196663-vow-of-thieves,5,3
417.0,The Stranger,Albert Camus,4.03,1519232,1587,19,https://www.goodreads.com/book/show/49552.The_Stranger,5,3
417.0,"One Lost Soul (Hidden Norfolk, #1)",J.M. Dalgliesh,4.07,24985,1587,17,https://www.goodreads.com/book/show/52145039-one-lost-soul,5,3
419.0,"Our Blue Orange (Godfrey Davis, #1)",A.R. Merrydew,4.2,5419,1586,17,https://www.goodreads.com/book/show/29629427-our-blue-orange,5,1
420.0,Filth,Irvine Welsh,3.82,32869,1585,18,https://www.goodreads.com/book/show/23966.Filth,5,0
421.0,The Time Machine,H.G. Wells,3.89,580205,1579,22,https://www.goodreads.com/book/show/2493.The_Time_Machine,5,3
422.0,"The Adventures of Sherlock Holmes (Sherlock Holmes, #3)",Arthur Conan Doyle,4.3,333733,1578,19,https://www.goodreads.com/book/show/3590.The_Adventures_of_Sherlock_Holmes,5,3
423.0,Magenta,John Payton Foden,4.27,5006,1577,18,https://www.goodreads.com/book/show/59448257-magenta,5,1
424.0,The Reappearance of Rachel Price,Holly Jackson,4.08,253747,1576,17,https://www.goodreads.com/book/show/182484360-the-reappearance-of-rachel-price,5,3
425.0,A Tale of Two Cities,Charles Dickens,3.88,1033009,1570,21,https://www.goodreads.com/book/show/1953.A_Tale_of_Two_Cities,5,3
426.0,"Six of Crows (Six of Crows, #1)",Leigh Bardugo,4.45,1210740,1563,19,https://www.goodreads.com/book/show/23437156-six-of-crows,5,3
427.0,"Living Dead in Dallas (Sookie Stackhouse, #2)",Charlaine Harris,3.96,265293,1553,20,https://www.goodreads.com/book/show/110494.Living_Dead_in_Dallas,5,3
427.0,Different Seasons,Stephen King,4.36,226107,1553,18,https://www.goodreads.com/book/show/39662.Different_Seasons,5,3
427.0,Against the Machine: Evolution,Brian Van Norman,4.35,1091,1553,17,https://www.goodreads.com/book/show/123176505-against-the-machine,5,1
430.0,"Dead End Girl (Violet Darger, #1)",L.T. Vargus,4.17,28024,1551,16,https://www.goodreads.com/book/show/34820588-dead-end-girl,5,3
431.0,"Patriot Games (Jack Ryan, #1)",Tom Clancy,4.17,216606,1549,19,https://www.goodreads.com/book/show/32682.Patriot_Games,5,3
432.0,Dancing with a Dead Horse,Danielle DeVor,4.26,150,1546,17,https://www.goodreads.com/book/show/21956849-dancing-with-a-dead-horse,5,1
433.0,The Taming of the Shrew,William Shakespeare,3.73,183775,1540,20,https://www.goodreads.com/book/show/47021.The_Taming_of_the_Shrew,5,0
433.0,Wife For Sale,Tabita Gutu,4.4,916,1540,17,https://www.goodreads.com/book/show/124031612-wife-for-sale,5,1
435.0,"They Shoot Horses, Don't They?",Horace McCoy,3.85,12681,1539,16,https://www.goodreads.com/book/show/152052.They_Shoot_Horses_Don_t_They_,5,0
436.0,"Hometown Girl at Heart (Hometown, #1)",Kirsten Fullmer,4.29,3936,1535,17,https://www.goodreads.com/book/show/38230320-hometown-girl-at-heart,5,1
437.0,Verity,Colleen Hoover,4.29,4143228,1534,19,https://www.goodreads.com/book/show/59344312-verity,5,3
438.0,Woman on Fire,Lisa Barr,4.0,38101,1533,16,https://www.goodreads.com/book/show/58275730-woman-on-fire,5,3
439.0,Firestarter,Stephen King,3.92,252768,1532,17,https://www.goodreads.com/book/show/233667.Firestarter,5,3
440.0,"Grimm Up North (DCI Harry Grimm, #1)",David J. Gatward,4.24,15925,1530,16,https://www.goodreads.com/book/show/54453585-grimm-up-north,5,1
441.0,Tooth for Tooth (Talion #2),J.K. Franko,4.3,3423,1528,17,https://www.goodreads.com/book/show/52117056-tooth-for-tooth,5,1
442.0,The Pandarus File,Kyle Keyes,4.31,6457,1523,18,https://www.goodreads.com/book/show/13328554-the-pandarus-file,5,1
443.0,"Use of Weapons (Culture, #3)",Iain M. Banks,4.16,54351,1517,16,https://www.goodreads.com/book/show/12007.Use_of_Weapons,5,3
444.0,The History of Love,Nicole Krauss,3.92,142686,1513,16,https://www.goodreads.com/book/show/3867.The_History_of_Love,5,3
445.0,On the Road,Jack Kerouac,3.61,459680,1510,19,https://www.goodreads.com/book/show/70401.On_the_Road,5,0
446.0,"The Threat Below (Brathius History, #1)",Jason Latshaw,4.1,1626,1509,17,https://www.goodreads.com/book/show/51779181-the-threat-below,5,1
447.0,The Three Witches and The Master,Max Nowaz,4.3,17785,1508,18,https://www.goodreads.com/book/show/208051245-the-three-witches-and-the-master,5,1
447.0,Do Androids Dream of Electric Sheep?,Philip K. Dick,4.09,533718,1508,19,https://www.goodreads.com/book/show/36402034-do-androids-dream-of-electric-sheep,5,3
449.0,Extremely Loud & Incredibly Close,Jonathan Safran Foer,3.97,439857,1507,18,https://www.goodreads.com/book/show/4588.Extremely_Loud_Incredibly_Close,5,3
450.0,Taming Flame,Therisa Peimer,4.28,16644,1500,17,https://www.goodreads.com/book/show/61608233-taming-flame,5,1
451.0,TWISTED,Fayton Hollington,4.2,378,1497,17,https://www.goodreads.com/book/show/218487053-twisted,5,1
452.0,An Instance of the Fingerpost,Iain Pears,3.94,27778,1496,16,https://www.goodreads.com/book/show/15888.An_Instance_of_the_Fingerpost,5,0
452.0,Invisible Cities,Italo Calvino,4.09,102226,1496,17,https://www.goodreads.com/book/show/9809.Invisible_Cities,5,3
452.0,Marry Christmas,Linda Phillips,4.36,1083,1496,17,https://www.goodreads.com/book/show/89147256-marry-christmas,5,1
455.0,The Full Circle for Mick,Michael G. Kramer,4.33,6404,1495,16,https://www.goodreads.com/book/show/230152419-the-full-circle-for-mick,5,1
456.0,I Dream of Yellow Kites: What if it was all just a nightmare?,Retta Bono,3.95,103,1493,15,https://www.goodreads.com/book/show/29623917-i-dream-of-yellow-kites,5,1
456.0,Borealis: A Worldmaker of Yand Novel,Andri E. Elia,4.36,1051,1493,17,https://www.goodreads.com/book/show/202733411-borealis,5,1
458.0,Pale Fire,Vladimir Nabokov,4.17,60267,1486,17,https://www.goodreads.com/book/show/7805.Pale_Fire,5,3
459.0,The Merchant of Venice,William Shakespeare,3.77,207168,1483,18,https://www.goodreads.com/book/show/24128.The_Merchant_of_Venice,5,0
459.0,"Lessons In Faking (Hall Beck University, #1)",Selina Mae,3.75,10036,1483,16,https://www.goodreads.com/book/show/210989710-lessons-in-faking,5,0
461.0,Queer,William S. Burroughs,3.47,25461,1478,18,https://www.goodreads.com/book/show/23942.Queer,5,0
462.0,Conduit (Emily Monroe #1),Angie Martin,3.97,532,1475,15,https://www.goodreads.com/book/show/20986629-conduit,5,1
463.0,"The Last Lumenian (The Last Lumenian, #1)",S.G. Blaise,4.23,4357,1473,17,https://www.goodreads.com/book/show/54329757-the-last-lumenian,5,1
464.0,I Let You Go,Clare Mackintosh,4.03,164986,1471,18,https://www.goodreads.com/book/show/30689367-i-let-you-go,5,3
464.0,"Gods of Another Kind (Another Kind, #3)",Steven Decker,4.4,962,1471,16,https://www.goodreads.com/book/show/199269990-gods-of-another-kind,5,1
466.0,Shifting Moon,Hope Worthington,4.36,954,1463,16,https://www.goodreads.com/book/show/34369608-shifting-moon,5,1
467.0,"Peeps (Peeps, #1)",Scott Westerfeld,3.78,25655,1458,16,https://www.goodreads.com/book/show/186103.Peeps,5,0
467.0,Dueling Fates (Immar & Stauros trilogy #1),Stephanie M. Allen,4.31,1206,1458,16,https://www.goodreads.com/book/show/54331802-dueling-fates,5,1
469.0,Eleanor Oliphant Is Completely Fine,Gail Honeyman,4.22,1490876,1456,18,https://www.goodreads.com/book/show/31434883-eleanor-oliphant-is-completely-fine,5,3
469.0,The Seventh Spark: Volume One – Knights of the Trinity,J.B. Lion,4.32,3573,1456,16,https://www.goodreads.com/book/show/55779669-the-seventh-spark,5,1
471.0,The Good Doctor,Jessica Payne,4.02,1970,1451,15,https://www.goodreads.com/book/show/146667119-the-good-doctor,5,1
472.0,The Last Juror,John Grisham,3.97,111623,1450,16,https://www.goodreads.com/book/show/5346.The_Last_Juror,5,3
473.0,Scent of the Dragon,Anthony Hulse,4.61,96,1444,15,https://www.goodreads.com/book/show/22874675-scent-of-the-dragon,5,1
474.0,The Glass Castle,Jeannette Walls,4.33,1408480,1441,18,https://www.goodreads.com/book/show/7445.The_Glass_Castle,5,3
474.0,The Lover's Portrait (Zelda Richardson Mystery #1),Jennifer S. Alderson,4.14,1688,1441,15,https://www.goodreads.com/book/show/30000039-the-lover-s-portrait,5,1
476.0,Derailed,James Siegel,3.77,2689,1440,15,https://www.goodreads.com/book/show/314362.Derailed,5,0
477.0,Last Exit to Brooklyn,Hubert Selby Jr.,3.96,34103,1435,16,https://www.goodreads.com/book/show/50275.Last_Exit_to_Brooklyn,5,3
478.0,Portrait of a Thief,Grace D. Li,3.44,33163,1433,15,https://www.goodreads.com/book/show/57021127-portrait-of-a-thief,5,0
479.0,"The Terminal List (Terminal List, #1)",Jack Carr,4.29,78340,1432,16,https://www.goodreads.com/book/show/35297106-the-terminal-list,5,3
480.0,[The Flanders Panel] [by: Arturo Perez-Reverte],Arturo Pérez-Reverte,3.79,28732,1429,15,https://www.goodreads.com/book/show/147311169-the-flanders-panel-by,5,0
481.0,Framed & Hunted: A True Story of Occult Persecution,Edward Williams,4.32,6514,1428,15,https://www.goodreads.com/book/show/197122500-framed-hunted,5,1
482.0,The Museum Detective (A Museum Detective Novel),Maha Khan Phillips,3.83,2279,1427,15,https://www.goodreads.com/book/show/215808119-the-museum-detective,5,0
483.0,"The Raphael Affair (Jonathan Argyll, #1)",Iain Pears,3.58,4326,1423,15,https://www.goodreads.com/book/show/875109.The_Raphael_Affair,5,0
484.0,Child of Another Kind,Steven Decker,4.28,6099,1419,16,https://www.goodreads.com/book/show/122773590-child-of-another-kind,5,1
485.0,"The Tower of Nero (The Trials of Apollo, #5)",Rick Riordan,4.46,92463,1418,15,https://www.goodreads.com/book/show/48717744-the-tower-of-nero,5,3
486.0,Under the Bus,Kyle Keyes,4.17,321,1415,16,https://www.goodreads.com/book/show/57243935-under-the-bus,5,1
487.0,In the Miso Soup,Ryū Murakami,3.61,49950,1414,17,https://www.goodreads.com/book/show/17810.In_the_Miso_Soup,5,0
488.0,The Outsiders,S.E. Hinton,4.15,1685723,1413,22,https://www.goodreads.com/book/show/231804.The_Outsiders,5,3
489.0,The Time Traveler's Wife,Audrey Niffenegger,4.0,1877479,1412,18,https://www.goodreads.com/book/show/18619684-the-time-traveler-s-wife,5,3
490.0,"Outlander (Outlander, #1)",Diana Gabaldon,4.27,1184488,1411,20,https://www.goodreads.com/book/show/10964.Outlander,5,3
491.0,Sacrifices Beyond Kingdoms: A Provocative Romance Torn Between Continents and Cultures (The Sacrifices and Kingdoms Series Book 2),Patricia D'Arcy Laughlin,4.33,976,1408,15,https://www.goodreads.com/book/show/213600891-sacrifices-beyond-kingdoms,5,1
492.0,"Cinder (The Lunar Chronicles, #1)",Marissa Meyer,4.12,1034689,1401,19,https://www.goodreads.com/book/show/36381037-cinder,5,3
493.0,"One for Sorrow (Cunning Prophet, #1)",Jane Godman,4.34,151,1400,14,https://www.goodreads.com/book/show/25063488-one-for-sorrow,5,1
494.0,Into the Darkest Corner,Elizabeth Haynes,4.07,72631,1398,17,https://www.goodreads.com/book/show/15818362-into-the-darkest-corner,5,3
495.0,The Prestige,Christopher Priest,3.92,25543,1394,15,https://www.goodreads.com/book/show/239239.The_Prestige,5,0
496.0,"Dom Wars: Round One (Dom Wars, #1)",Lucian Bane,3.76,3206,1391,14,https://www.goodreads.com/book/show/20935363-dom-wars,5,0
497.0,The Wife Between Us,Greer Hendricks,3.82,460445,1389,18,https://www.goodreads.com/book/show/34189556-the-wife-between-us,5,0
498.0,Tropic of Cancer,Henry Miller,3.65,79980,1379,16,https://www.goodreads.com/book/show/249.Tropic_of_Cancer,5,0
499.0,"Porno (Mark Renton, #3)",Irvine Welsh,3.85,27386,1377,16,https://www.goodreads.com/book/show/23965.Porno,5,0
500.0,"Murder at the Vicarage (Miss Marple, #1)",Agatha Christie,4.03,223257,1376,17,https://www.goodreads.com/book/show/16331.Murder_at_the_Vicarage,5,3
501.0,"The Prisoner of Acre (Ash Carter Near East Crime, #4)",Murray Bailey,4.42,507,1373,17,https://www.goodreads.com/book/show/203179651-the-prisoner-of-acre,6,1
502.0,Good Queen Beth,Alan Hardy,4.32,77,1372,14,https://www.goodreads.com/book/show/20906739-good-queen-beth,6,1
503.0,"Uglies (Uglies, #1)",Scott Westerfeld,3.84,715650,1368,17,https://www.goodreads.com/book/show/24770.Uglies,6,0
504.0,"Miss Peregrine's Home for Peculiar Children (Miss Peregrine's Peculiar Children, #1)",Ransom Riggs,3.92,1379848,1367,17,https://www.goodreads.com/book/show/9460487-miss-peregrine-s-home-for-peculiar-children,6,3
505.0,The Innocent Man: Murder and Injustice in a Small Town,John Grisham,3.87,87194,1362,15,https://www.goodreads.com/book/show/5345.The_Innocent_Man,6,0
506.0,The Awakening,Kate Chopin,3.69,233378,1360,16,https://www.goodreads.com/book/show/58345.The_Awakening,6,0
507.0,"Memory Man (Amos Decker, #1)",David Baldacci,4.13,164683,1357,18,https://www.goodreads.com/book/show/23153154-memory-man,6,3
508.0,The Girls Are Gone,Michael Brodkorb,3.7,8301,1354,14,https://www.goodreads.com/book/show/42407370-the-girls-are-gone,6,0
509.0,"Eldest (The Inheritance Cycle, #2)",Christopher Paolini,4.06,504245,1347,18,https://www.goodreads.com/book/show/45978.Eldest,6,3
510.0,"Along Came a Spider (Alex Cross, #1)",James Patterson,4.13,499818,1345,16,https://www.goodreads.com/book/show/13145.Along_Came_a_Spider,6,3
511.0,It,Stephen King,4.24,1318126,1344,16,https://www.goodreads.com/book/show/830502.It,6,3
512.0,The Guest List,Lucy Foley,3.79,1357545,1342,16,https://www.goodreads.com/book/show/52656911-the-guest-list,6,0
513.0,"Immoral Origins (The Desire Card, #1)",Lee Matthew Goldberg,4.27,4467,1341,16,https://www.goodreads.com/book/show/61093300-immoral-origins,6,1
514.0,Sacrifices For Kingdoms,Patricia D'Arcy Laughlin,4.3,752,1340,15,https://www.goodreads.com/book/show/199296785-sacrifices-for-kingdoms,6,1
515.0,"The Titian Committee (Jonathan Argyll, #2)",Iain Pears,3.71,2204,1338,14,https://www.goodreads.com/book/show/875108.The_Titian_Committee,6,0
516.0,"The Snowman (Harry Hole, #7)",Jo Nesbø,4.03,156211,1337,17,https://www.goodreads.com/book/show/9572203-the-snowman,6,3
517.0,Oliver Twist,Charles Dickens,3.88,437290,1334,16,https://www.goodreads.com/book/show/18254.Oliver_Twist,6,3
517.0,Charlotte’s Web,E.B. White,4.21,2103332,1334,18,https://www.goodreads.com/book/show/24178.Charlotte_s_Web,6,3
519.0,One Day in the Life of Ivan Denisovich,Aleksandr Solzhenitsyn,3.98,128826,1330,15,https://www.goodreads.com/book/show/17125.One_Day_in_the_Life_of_Ivan_Denisovich,6,3
520.0,"Love on the Line 2 (Women at Work, #2)",Kirsten Fullmer,4.3,6123,1324,15,https://www.goodreads.com/book/show/60297858-love-on-the-line-2,6,1
521.0,"Proud Pada (The Last Lumenian, #3)",S.G. Blaise,4.34,974,1321,15,https://www.goodreads.com/book/show/63130142-proud-pada,6,1
522.0,The Ways of Autumn,William Graney,4.42,121,1312,15,https://www.goodreads.com/book/show/34927038-the-ways-of-autumn,6,1
523.0,Earth of Another Kind (Another Kind #2),Steven Decker,4.38,834,1311,14,https://www.goodreads.com/book/show/193543491-earth-of-another-kind,6,1
524.0,Bratva Connection: Maxim,Becky Wilde,4.41,651,1304,15,https://www.goodreads.com/book/show/176265836-bratva-connection,6,1
525.0,Projector for Sale,Steven Decker,4.18,510,1303,15,https://www.goodreads.com/book/show/60529238-projector-for-sale,6,1
525.0,The Art Forger,Barbara A. Shapiro,3.77,97338,1303,14,https://www.goodreads.com/book/show/14568987-the-art-forger,6,0
527.0,"The Little Sister (Philip Marlowe, #5)",Raymond Chandler,3.98,19579,1301,14,https://www.goodreads.com/book/show/852401.The_Little_Sister,6,3
528.0,Caged,Shanna Ehrlich,3.74,583,1300,13,https://www.goodreads.com/book/show/31215933-caged,6,0
529.0,The Tenth Circle,Jodi Picoult,3.54,139740,1299,14,https://www.goodreads.com/book/show/10909.The_Tenth_Circle,6,0
530.0,"Worm Holes (Quantum Roots, #2)",Kyle Keyes,4.34,2089,1298,14,https://www.goodreads.com/book/show/34384161-worm-holes,6,1
531.0,Goose Island,Lucinda Davis,4.49,155,1296,13,https://www.goodreads.com/book/show/41360788-goose-island,6,1
531.0,The Surgeon,Leslie Wolfe,3.83,71990,1296,14,https://www.goodreads.com/book/show/75651263-the-surgeon,6,0
533.0,Get Rich or Get Lucky,Max Nowaz,4.25,20276,1287,14,https://www.goodreads.com/book/show/33623824-get-rich-or-get-lucky,6,3
534.0,Glamorama,Bret Easton Ellis,3.55,26226,1286,15,https://www.goodreads.com/book/show/9913.Glamorama,6,0
535.0,"Visions (The Secret Watchers, #1)",Lauren Klever,4.44,188,1285,13,https://www.goodreads.com/book/show/13583266-visions,6,1
536.0,The Stand,Stephen King,4.35,861681,1284,19,https://www.goodreads.com/book/show/149267.The_Stand,6,3
536.0,Ramonst,A.F. Knott,4.44,261,1284,14,https://www.goodreads.com/book/show/33125772-ramonst,6,1
538.0,"Artemis Fowl (Artemis Fowl, #1)",Eoin Colfer,3.86,566185,1282,16,https://www.goodreads.com/book/show/249747.Artemis_Fowl,6,3
539.0,And the Ass Saw the Angel,Nick Cave,3.84,11452,1278,15,https://www.goodreads.com/book/show/68682.And_the_Ass_Saw_the_Angel,6,0
540.0,"Ready Player One (Ready Player One, #1)",Ernest Cline,4.22,1343092,1275,17,https://www.goodreads.com/book/show/9969571-ready-player-one,6,3
541.0,"The Selection (The Selection, #1)",Kiera Cass,4.07,1815130,1274,15,https://www.goodreads.com/book/show/10507293-the-selection,6,3
542.0,"The Body in the Library (Miss Marple, #2)",Agatha Christie,3.81,135217,1267,15,https://www.goodreads.com/book/show/16319.The_Body_in_the_Library,6,0
543.0,We Need to Talk About Kevin,Lionel Shriver,4.08,222833,1266,15,https://www.goodreads.com/book/show/80660.We_Need_to_Talk_About_Kevin,6,3
544.0,White Oleander,Janet Fitch,4.01,371069,1262,15,https://www.goodreads.com/book/show/32234.White_Oleander,6,3
544.0,Stoneslayer: Book One Scandal,Candace L. Talmadge,4.38,2343,1262,15,https://www.goodreads.com/book/show/217306484-stoneslayer,6,1
546.0,"Unwind (Unwind, #1)",Neal Shusterman,4.17,255176,1260,15,https://www.goodreads.com/book/show/764347.Unwind,6,3
547.0,"The Cuckoo's Calling (Cormoran Strike, #1)",Robert Galbraith,3.89,639688,1259,18,https://www.goodreads.com/book/show/16160797-the-cuckoo-s-calling,6,3
548.0,The Shadow Girl,Misty Mount,4.25,2392,1258,14,https://www.goodreads.com/book/show/44274121-the-shadow-girl,6,1
548.0,"Portrait of an Unknown Woman (Gabriel Allon, #22)",Daniel Silva,4.23,34712,1258,13,https://www.goodreads.com/book/show/59609728-portrait-of-an-unknown-woman,6,3
550.0,"Clockwork Angel (The Infernal Devices, #1)",Cassandra Clare,4.3,889118,1257,17,https://www.goodreads.com/book/show/7171637-clockwork-angel,6,3
551.0,Mistress Suffragette,Diana Forbes,4.29,4552,1256,14,https://www.goodreads.com/book/show/34521870-mistress-suffragette,6,1
552.0,Extreme,Joan Gelfand,4.41,269,1254,14,https://www.goodreads.com/book/show/53483098-extreme,6,1
552.0,SMILES FOR THE HOLIDAYS: Silly Seasonal Short Stories,Nancy O'Meara,4.3,1144,1254,14,https://www.goodreads.com/book/show/200724335-smiles-for-the-holidays,6,1
554.0,The Tell-Tale Heart and Other Writings,Edgar Allan Poe,4.19,245674,1253,15,https://www.goodreads.com/book/show/391729.The_Tell_Tale_Heart_and_Other_Writings,6,3
554.0,"The Girl with the Porcelain Lips (Godfrey Davis, #2)",A.R. Merrydew,4.32,881,1253,14,https://www.goodreads.com/book/show/200357113-the-girl-with-the-porcelain-lips,6,1
556.0,Night Film,Marisha Pessl,3.78,97462,1251,15,https://www.goodreads.com/book/show/18770398-night-film,6,0
556.0,"Why They Stay: Sex Scandals, Deals, and Hidden Agendas of Eight Political Wives",Anne Michaud,4.29,13508,1251,15,https://www.goodreads.com/book/show/58524608-why-they-stay,6,1
556.0,The Last Guest House,Caroline Mitchell,3.76,4268,1251,13,https://www.goodreads.com/book/show/202080365-the-last-guest-house,6,0
559.0,Frankie the Ferret,Kimberley Paterson,4.34,319,1250,14,https://www.goodreads.com/book/show/52677419-frankie-the-ferret,6,1
559.0,Drawpoint (Blake Brier #4),L.T. Ryan,4.49,5721,1250,13,https://www.goodreads.com/book/show/57686186-drawpoint,6,1
561.0,Framed: Astonishing True Stories of Wrongful Convictions,John Grisham,4.1,28261,1248,13,https://www.goodreads.com/book/show/209786389-framed,6,3
562.0,"The Book of the Dead (Pendergast, #7; Diogenes, #3)",Douglas Preston,4.18,40499,1247,13,https://www.goodreads.com/book/show/30068.The_Book_of_the_Dead,6,3
563.0,A Walk to Remember,Nicholas Sparks,4.2,854837,1245,16,https://www.goodreads.com/book/show/35545737-a-walk-to-remember,6,3
564.0,"Love on the Line (Women at Work, #1)",Kirsten Fullmer,4.26,4153,1240,14,https://www.goodreads.com/book/show/35440465-love-on-the-line,6,1
565.0,Ward D,Freida McFadden,3.96,752296,1239,13,https://www.goodreads.com/book/show/123193218-ward-d,6,3
566.0,"Betrayal of Justice (Zachary Blake Betrayal, #2)",Mark M. Bello,4.24,479,1238,14,https://www.goodreads.com/book/show/36064416-betrayal-of-justice,6,1
567.0,The Postman Always Rings Twice,James M. Cain,3.75,50784,1234,13,https://www.goodreads.com/book/show/25807.The_Postman_Always_Rings_Twice,6,0
568.0,You Will Know Me,Megan Abbott,3.43,45697,1231,16,https://www.goodreads.com/book/show/25251757-you-will-know-me,6,0
569.0,"The Gauguin Connection (Genevieve Lenard, #1)",Estelle Ryan,4.06,10666,1229,13,https://www.goodreads.com/book/show/18761644-the-gauguin-connection,6,3
570.0,Keeping Secrets (Sam Mason Mystery #2),L.A. Dobbs,4.23,11105,1226,13,https://www.goodreads.com/book/show/55279442-keeping-secrets,6,1
571.0,"Sheever's Journal, Diary of a Poison Master",K. Ritz,4.3,34169,1221,14,https://www.goodreads.com/book/show/52022378-sheever-s-journal-diary-of-a-poison-master,6,3
572.0,The Virgin of Small Plains,Nancy Pickard,3.87,7270,1218,13,https://www.goodreads.com/book/show/180648.The_Virgin_of_Small_Plains,6,0
573.0,"The Lost Hero (The Heroes of Olympus, #1)",Rick Riordan,4.29,967154,1214,15,https://www.goodreads.com/book/show/7736182-the-lost-hero,6,3
574.0,To Kill a Mockingbird,Harper Lee,4.26,7111423,1213,16,https://www.goodreads.com/book/show/2657.To_Kill_a_Mockingbird,6,3
575.0,"Me Before You (Me Before You, #1)",Jojo Moyes,4.26,1845071,1206,16,https://www.goodreads.com/book/show/17347634-me-before-you,6,3
575.0,Digital Fortress,Dan Brown,3.71,673340,1206,15,https://www.goodreads.com/book/show/11125.Digital_Fortress,6,0
575.0,Ham on Rye,Charles Bukowski,4.13,122976,1206,14,https://www.goodreads.com/book/show/38501.Ham_on_Rye,6,3
578.0,Glue,Irvine Welsh,3.91,15472,1204,14,https://www.goodreads.com/book/show/23960.Glue,6,0
579.0,Story of the Eye,Georges Bataille,3.64,26719,1203,14,https://www.goodreads.com/book/show/436806.Story_of_the_Eye,6,0
579.0,The Dragon Storm: Abracadabra,Anthony DiPaolo,4.36,823,1203,14,https://www.goodreads.com/book/show/201050822-the-dragon-storm,6,1
581.0,The Princess Bride,William Goldman,4.27,963028,1202,16,https://www.goodreads.com/book/show/21787.The_Princess_Bride,6,3
582.0,"The Kind Worth Killing (Henry Kimball/Lily Kintner, #1)",Peter Swanson,3.96,255676,1200,15,https://www.goodreads.com/book/show/21936809-the-kind-worth-killing,6,3
583.0,Prey,Michael Crichton,3.79,188908,1195,14,https://www.goodreads.com/book/show/83763.Prey,6,0
584.0,"The Handmaid’s Tale (The Handmaid's Tale, #1)",Margaret Atwood,4.16,2554182,1194,16,https://www.goodreads.com/book/show/38447.The_Handmaid_s_Tale,6,3
585.0,Wanted: An Honest Man (Lindsey Lark #1),Cricket Rohman,4.38,719,1193,14,https://www.goodreads.com/book/show/30409158-wanted,6,1
586.0,The Beagle and the Hare,Kevin Moccia,4.39,252,1192,13,https://www.goodreads.com/book/show/49024964-the-beagle-and-the-hare,6,1
587.0,"Hopeless (Hopeless, #1)",Colleen Hoover,4.22,702728,1191,14,https://www.goodreads.com/book/show/62967897-hopeless,6,3
588.0,"If I Stay (If I Stay, #1)",Gayle Forman,3.91,979719,1190,15,https://www.goodreads.com/book/show/4374400-if-i-stay,6,3
589.0,Back To You,Steve Bates,4.24,2998,1188,13,https://www.goodreads.com/book/show/56468461-back-to-you,6,1
590.0,"When the Wind Blows (When the Wind Blows, #1)",James Patterson,3.95,56887,1187,13,https://www.goodreads.com/book/show/13162.When_the_Wind_Blows,6,3
591.0,"Brisingr (The Inheritance Cycle, #3)",Christopher Paolini,4.12,426195,1186,16,https://www.goodreads.com/book/show/2248573.Brisingr,6,3
591.0,The Handler (Nick Reagan #1),Jeffrey S. Stephens,4.31,654,1186,14,https://www.goodreads.com/book/show/60701413-the-handler,6,1
593.0,The Last Sunset,March Lions,4.34,1047,1181,13,https://www.goodreads.com/book/show/64393625-the-last-sunset,6,1
594.0,Of Mice and Men,John Steinbeck,3.9,2945510,1179,17,https://www.goodreads.com/book/show/890.Of_Mice_and_Men,6,3
595.0,"The Outsider (Holly Gibney, #1)",Stephen King,4.02,399727,1178,14,https://www.goodreads.com/book/show/36124936-the-outsider,6,3
596.0,The 120 Days of Sodom: A Classic of Extreme French Literature,Marquis de Sade,3.05,15612,1177,14,https://www.goodreads.com/book/show/6351885-the-120-days-of-sodom,6,0
597.0,The Bachman Books,Richard Bachman,4.15,76366,1175,14,https://www.goodreads.com/book/show/10617.The_Bachman_Books,6,3
598.0,The Cement Garden,Ian McEwan,3.53,36836,1170,14,https://www.goodreads.com/book/show/9957.The_Cement_Garden,6,0
598.0,"The Lincoln Lawyer (The Lincoln Lawyer, #1; Harry Bosch Universe, #16)",Michael Connelly,4.23,265375,1170,15,https://www.goodreads.com/book/show/40612032-the-lincoln-lawyer,6,3
600.0,Storm Surge: Book Two of the Stormsong Trilogy,Stephen A. Reger,4.37,199,1168,13,https://www.goodreads.com/book/show/201264471-storm-surge,6,1
601.0,"Delirium (Delirium, #1)",Lauren Oliver,3.95,482117,1167,15,https://www.goodreads.com/book/show/11614718-delirium,7,3
602.0,Perfect Match,Jodi Picoult,3.98,86803,1166,13,https://www.goodreads.com/book/show/111180.Perfect_Match,7,3
603.0,The Shack: Where Tragedy Confronts Eternity,William Paul Young,3.84,705341,1164,14,https://www.goodreads.com/book/show/40874325-the-shack,7,0
603.0,A Particular Man,Lesley Glaister,4.38,536,1164,14,https://www.goodreads.com/book/show/212083184-a-particular-man,7,1
605.0,"Hex Hall (Hex Hall, #1)",Rachel Hawkins,3.92,144232,1162,14,https://www.goodreads.com/book/show/5287473-hex-hall,7,3
605.0,Moon Tiger,Penelope Lively,3.92,20520,1162,14,https://www.goodreads.com/book/show/130028.Moon_Tiger,7,0
607.0,Hairspray and Lighter,J. Jupes,4.48,246,1161,13,https://www.goodreads.com/book/show/42941607-hairspray-and-lighter,7,1
607.0,One by One,Ruth Ware,3.72,230127,1161,13,https://www.goodreads.com/book/show/50892433-one-by-one,7,0
609.0,Through God's Eye,Carolyn Cutler Hughes,4.26,638,1158,13,https://www.goodreads.com/book/show/49966944-through-god-s-eye,7,1
609.0,"The Son (The Emperor, the Son and the Thief, #2)",Robert Reid,4.42,252,1158,14,https://www.goodreads.com/book/show/58436763-the-son,7,1
611.0,Tropic of Capricorn,Henry Miller,3.81,21757,1154,14,https://www.goodreads.com/book/show/250.Tropic_of_Capricorn,7,0
611.0,"The Cruel Prince (The Folk of the Air, #1)",Holly Black,4.0,1864773,1154,14,https://www.goodreads.com/book/show/26032825-the-cruel-prince,7,3
611.0,A Very Bad Thing,J.T. Ellison,4.13,49852,1154,12,https://www.goodreads.com/book/show/202991908-a-very-bad-thing,7,3
614.0,Dead Men's Trousers,Irvine Welsh,4.18,5294,1153,14,https://www.goodreads.com/book/show/35823649-dead-men-s-trousers,7,1
614.0,Mean Spirited,Nick Roberts,4.22,9403,1153,12,https://www.goodreads.com/book/show/204350947-mean-spirited,7,1
616.0,"Stargirl (Stargirl, #1)",Jerry Spinelli,3.77,338862,1151,15,https://www.goodreads.com/book/show/22232.Stargirl,7,0
617.0,"The New York Trilogy (New York Trilogy, #1-3)",Paul Auster,3.86,90046,1143,15,https://www.goodreads.com/book/show/431.The_New_York_Trilogy,7,0
618.0,"Missing Wings (Aranysargas, #1)",Andrea Luhman,4.29,2165,1142,13,https://www.goodreads.com/book/show/39925134-missing-wings,7,1
619.0,The Man in the High Castle,Philip K. Dick,3.59,244172,1139,13,https://www.goodreads.com/book/show/216363.The_Man_in_the_High_Castle,7,0
620.0,"Naked in Death (In Death, #1)",J.D. Robb,4.13,207815,1138,13,https://www.goodreads.com/book/show/479309.Naked_in_Death,7,3
620.0,"Out of Bounds (Inspector Karen Pirie, #4)",Val McDermid,4.21,14299,1138,12,https://www.goodreads.com/book/show/29101612-out-of-bounds,7,1
622.0,"Storm Front (The Dresden Files, #1)",Jim Butcher,3.97,390824,1137,15,https://www.goodreads.com/book/show/47212.Storm_Front,7,3
623.0,Stage Fright,Diane L. Kowalyshyn,4.44,183,1136,12,https://www.goodreads.com/book/show/63342358-stage-fright,7,1
624.0,The Arbitrator,Max Nowaz,4.23,19109,1134,13,https://www.goodreads.com/book/show/30760409-the-arbitrator,7,3
625.0,Second Glance,Jodi Picoult,3.8,51732,1131,13,https://www.goodreads.com/book/show/10911.Second_Glance,7,0
625.0,"Hollow City (Miss Peregrine's Peculiar Children, #2)",Ransom Riggs,4.07,256329,1131,15,https://www.goodreads.com/book/show/23164983-hollow-city,7,3
627.0,"The Bourne Supremacy (Jason Bourne, #2)",Robert Ludlum,4.11,183185,1130,14,https://www.goodreads.com/book/show/15769.The_Bourne_Supremacy,7,3
627.0,"Anne of Green Gables (Anne of Green Gables, #1)",L.M. Montgomery,4.33,1153741,1130,15,https://www.goodreads.com/book/show/8127.Anne_of_Green_Gables,7,3
629.0,White Light Red Fire,Robert Reid,4.41,1284,1129,12,https://www.goodreads.com/book/show/44654074-white-light-red-fire,7,1
630.0,Love Connection: Romance in the Land of the Rising Sun,John Rachel,4.36,1287,1127,13,https://www.goodreads.com/book/show/60106667-love-connection,7,1
631.0,The Client,John Grisham,4.06,468274,1124,15,https://www.goodreads.com/book/show/5359.The_Client,7,3
631.0,Notes from Underground,Fyodor Dostoevsky,4.16,258295,1124,13,https://www.goodreads.com/book/show/49455.Notes_from_Underground,7,3
633.0,The Bedroom Secrets of the Master Chefs,Irvine Welsh,3.55,7268,1122,13,https://www.goodreads.com/book/show/212534.The_Bedroom_Secrets_of_the_Master_Chefs,7,0
633.0,4 3 2 1,Paul Auster,3.97,39219,1122,13,https://www.goodreads.com/book/show/30244626-4-3-2-1,7,3
635.0,Behind Her Eyes,Sarah Pinborough,3.78,227109,1121,14,https://www.goodreads.com/book/show/28965131-behind-her-eyes,7,0
636.0,Post Office,Charles Bukowski,3.92,143661,1119,13,https://www.goodreads.com/book/show/40409718-post-office,7,3
637.0,Love Auction: Too Risky to Love Again,Sharon Carter,4.31,2558,1117,13,https://www.goodreads.com/book/show/51472786-love-auction,7,1
638.0,Geek Love,Katherine Dunn,3.95,75141,1114,13,https://www.goodreads.com/book/show/13872.Geek_Love,7,3
639.0,The Maidens,Alex Michaelides,3.61,467051,1113,13,https://www.goodreads.com/book/show/45300567-the-maidens,7,0
640.0,"Heartsick (Archie Sheridan & Gretchen Lowell, #1)",Chelsea Cain,3.93,44183,1111,12,https://www.goodreads.com/book/show/657034.Heartsick,7,0
641.0,"The Horse and His Boy (Chronicles of Narnia, #5)",C.S. Lewis,3.91,404719,1107,17,https://www.goodreads.com/book/show/84119.The_Horse_and_His_Boy,7,3
641.0,Walking into Dreams,Steven Decker,4.28,859,1107,13,https://www.goodreads.com/book/show/149275825-walking-into-dreams,7,1
643.0,Timeline,Michael Crichton,3.87,220594,1103,12,https://www.goodreads.com/book/show/7669.Timeline,7,0
644.0,And the Tide Turns,Timothy Dalton,4.02,59,1100,11,https://www.goodreads.com/book/show/24789250-and-the-tide-turns,7,1
644.0,"Broken Promises (Past Imperfect Mystery, #1)",Anne Willow,4.24,2729,1100,12,https://www.goodreads.com/book/show/40121205-broken-promises,7,1
644.0,The Night Begins,Abigail F. Taylor,4.18,85,1100,11,https://www.goodreads.com/book/show/75353427-the-night-begins,7,1
647.0,Big Money: A Global Financial Thriller (Financial Conspiracy Series Book 1),James Hudson,4.03,73,1099,11,https://www.goodreads.com/book/show/53052896-big-money,7,1
648.0,"The Gunslinger (The Dark Tower, #1)",Stephen King,3.9,680444,1093,14,https://www.goodreads.com/book/show/43615.The_Gunslinger,7,3
648.0,"Daughter of Smoke & Bone (Daughter of Smoke & Bone, #1)",Laini Taylor,3.99,388411,1093,13,https://www.goodreads.com/book/show/8490112-daughter-of-smoke-bone,7,3
650.0,Money,Martin Amis,3.7,26505,1090,13,https://www.goodreads.com/book/show/18825.Money,7,0
651.0,"The Fiery Cross (Outlander, #5)",Diana Gabaldon,4.26,231512,1089,14,https://www.goodreads.com/book/show/10967.The_Fiery_Cross,7,3
652.0,The Rules of Attraction,Bret Easton Ellis,3.72,53215,1085,12,https://www.goodreads.com/book/show/9912.The_Rules_of_Attraction,7,0
652.0,Lost and Found,Dawn Chalker,4.42,436,1085,12,https://www.goodreads.com/book/show/223230311-lost-and-found,7,1
654.0,"The Cabinet of Curiosities (Pendergast, #3; Nora Kelly, #0B)",Douglas Preston,4.26,57139,1080,13,https://www.goodreads.com/book/show/39031.The_Cabinet_of_Curiosities,7,3
655.0,"Déjà Dead (Temperance Brennan, #1)",Kathy Reichs,3.87,157617,1079,14,https://www.goodreads.com/book/show/231604.D_j_Dead,7,0
656.0,The Light Between Oceans,M.L. Stedman,4.05,490826,1078,16,https://www.goodreads.com/book/show/13158800-the-light-between-oceans,7,3
656.0,From Manchester to the Arctic,Sheena Billett,4.3,5945,1078,13,https://www.goodreads.com/book/show/75609342-from-manchester-to-the-arctic,7,1
658.0,Me & Emma,Elizabeth Flock,3.91,22382,1077,11,https://www.goodreads.com/book/show/80534.Me_Emma,7,0
659.0,All Your Twisted Secrets,Diana Urban,3.5,24033,1076,11,https://www.goodreads.com/book/show/41443369-all-your-twisted-secrets,7,0
659.0,The Sun Down Motel,Simone St. James,3.99,202997,1076,13,https://www.goodreads.com/book/show/45885644-the-sun-down-motel,7,3
659.0,And Then I Heard the Quiet,Alyssa Hall,4.38,369,1076,12,https://www.goodreads.com/book/show/210301962-and-then-i-heard-the-quiet,7,1
662.0,"Drum Beats, Heart Beats (Dancing Soul Trilogy, #3)",Maria Nhambu,4.29,2664,1075,12,https://www.goodreads.com/book/show/41453422-drum-beats-heart-beats,7,1
663.0,"The Wee Free Men (Discworld, #30; Tiffany Aching, #1)",Terry Pratchett,4.3,123115,1073,13,https://www.goodreads.com/book/show/34494.The_Wee_Free_Men,7,3
664.0,"Casino Royale (James Bond, #1)",Ian Fleming,3.73,100800,1072,12,https://www.goodreads.com/book/show/3758.Casino_Royale,7,0
665.0,Island of the Blue Dolphins,Scott O'Dell,3.88,355015,1070,13,https://www.goodreads.com/book/show/41044096-island-of-the-blue-dolphins,7,3
666.0,House of Leaves,Mark Z. Danielewski,4.09,212559,1069,12,https://www.goodreads.com/book/show/24800.House_of_Leaves,7,3
666.0,The Information,Martin Amis,3.6,6640,1069,12,https://www.goodreads.com/book/show/380017.The_Information,7,0
668.0,"The Crown Conspiracy (The Riyria Revelations, #1)",Michael J. Sullivan,4.18,27708,1066,11,https://www.goodreads.com/book/show/4345290-the-crown-conspiracy,7,3
669.0,"The Scorch Trials (The Maze Runner, #2)",James Dashner,3.9,667335,1064,12,https://www.goodreads.com/book/show/7631105-the-scorch-trials,7,3
670.0,The Comfort of Strangers,Ian McEwan,3.39,21789,1063,13,https://www.goodreads.com/book/show/6872.The_Comfort_of_Strangers,7,0
671.0,Harry Styles and the New York Apocalypse,G.B. Hope,3.99,136,1062,11,https://www.goodreads.com/book/show/25777063-harry-styles-and-the-new-york-apocalypse,7,1
671.0,"Red Rising (Red Rising Saga, #1)",Pierce Brown,4.27,970174,1062,12,https://www.goodreads.com/book/show/15839976-red-rising,7,3
671.0,"The Camel Club (The Camel Club, #1)",David Baldacci,4.07,100964,1062,12,https://www.goodreads.com/book/show/15158.The_Camel_Club,7,3
674.0,"C is for Corpse (Kinsey Millhone, #3)",Sue Grafton,3.94,57429,1060,15,https://www.goodreads.com/book/show/89656.C_is_for_Corpse,7,3
675.0,Pygmalion,George Bernard Shaw,3.88,111927,1057,13,https://www.goodreads.com/book/show/7714.Pygmalion,7,0
675.0,The Duke of D.C.: The American Dream,James Allen Moseley,4.31,378,1057,12,https://www.goodreads.com/book/show/182117474-the-duke-of-d-c,7,1
677.0,The Egyptologist,Arthur Phillips,3.27,4190,1056,11,https://www.goodreads.com/book/show/212474.The_Egyptologist,7,0
677.0,Junky,William S. Burroughs,3.84,73603,1056,13,https://www.goodreads.com/book/show/23940.Junky,7,0
679.0,"The Well of Ascension (Mistborn, #2)",Brandon Sanderson,4.37,723016,1055,13,https://www.goodreads.com/book/show/68429.The_Well_of_Ascension,7,3
680.0,"Undone (Will Trent, #3)",Karin Slaughter,4.23,91191,1051,12,https://www.goodreads.com/book/show/5764902-undone,7,3
681.0,"The Godfather (The Godfather, #1)",Mario Puzo,4.4,478093,1049,14,https://www.goodreads.com/book/show/22034.The_Godfather,7,3
682.0,The Lottery,Shirley Jackson,4.03,119234,1048,13,https://www.goodreads.com/book/show/6219656-the-lottery,7,3
682.0,Dark Matter,Blake Crouch,4.13,805805,1048,13,https://www.goodreads.com/book/show/27833670-dark-matter,7,3
682.0,City of Dreams (Danny Ryan #2),Don Winslow,4.02,17594,1048,11,https://www.goodreads.com/book/show/61713802-city-of-dreams,7,3
685.0,The Fever,Megan Abbott,3.1,27183,1047,13,https://www.goodreads.com/book/show/18656036-the-fever,7,0
686.0,Devil's Snare (Witches of Palmetto Point #3),Wendy Wang,4.4,6225,1046,11,https://www.goodreads.com/book/show/35670298-devil-s-snare,7,1
687.0,The Last Prophet,Jeff W. Horton,4.02,116,1045,11,https://www.goodreads.com/book/show/11021735-the-last-prophet,7,1
687.0,Crash,J.G. Ballard,3.66,34492,1045,12,https://www.goodreads.com/book/show/70241.Crash,7,0
689.0,Phenomena: The Lost and Forgotten Children,Susan Tarr,4.12,425,1044,11,https://www.goodreads.com/book/show/20739906-phenomena,7,1
690.0,Sown in Tears: A Historical Novel of Love and Struggle,Beverly Magid,4.32,604,1043,13,https://www.goodreads.com/book/show/190128604-sown-in-tears,7,1
690.0,Growing Up American,Rafael Polo,4.29,802,1043,13,https://www.goodreads.com/book/show/49015231-growing-up-american,7,1
692.0,The Sex Lives of Siamese Twins,Irvine Welsh,3.65,5652,1036,12,https://www.goodreads.com/book/show/18300182-the-sex-lives-of-siamese-twins,7,0
692.0,Narcopolis,Jeet Thayil,3.44,8027,1036,12,https://www.goodreads.com/book/show/12384322-narcopolis,7,0
694.0,"Poison Study (Study, #1)",Maria V. Snyder,4.08,178893,1035,12,https://www.goodreads.com/book/show/60510.Poison_Study,7,3
695.0,Clown Girl,Monica Drake,3.49,5453,1034,12,https://www.goodreads.com/book/show/22286.Clown_Girl,7,0
695.0,"A Darker Shade of Magic (Shades of Magic, #1)",V.E. Schwab,4.03,445897,1034,13,https://www.goodreads.com/book/show/22055262-a-darker-shade-of-magic,7,3
695.0,The Brothers Silver,Marc Jampole,4.24,617,1034,11,https://www.goodreads.com/book/show/57819305-the-brothers-silver,7,1
698.0,Tuck Everlasting,Natalie Babbitt,3.91,302232,1033,13,https://www.goodreads.com/book/show/84981.Tuck_Everlasting,7,3
699.0,Every Five Years (Fix It or Get Out #2),Christine Ardigo,4.39,120,1029,11,https://www.goodreads.com/book/show/22909540-every-five-years,7,1
700.0,The End of the Affair,Graham Greene,3.9,74659,1028,13,https://www.goodreads.com/book/show/29641.The_End_of_the_Affair,7,0
700.0,"Kisscut (Grant County, #2)",Karin Slaughter,4.07,75638,1028,11,https://www.goodreads.com/book/show/21719.Kisscut,8,3
702.0,Almost Transparent Blue,Ryū Murakami,3.28,14321,1020,12,https://www.goodreads.com/book/show/14287.Almost_Transparent_Blue,8,0
702.0,A Gracious Enemy,Michael G. Kramer,4.31,1420,1020,11,https://www.goodreads.com/book/show/49599733-a-gracious-enemy,8,1
704.0,"The Passage (The Passage, #1)",Justin Cronin,4.05,226919,1016,12,https://www.goodreads.com/book/show/6690798-the-passage,8,3
704.0,One Hundred Years of Solitude,Gabriel García Márquez,4.12,1147654,1016,12,https://www.goodreads.com/book/show/320.One_Hundred_Years_of_Solitude,8,3
706.0,"Clear and Present Danger (Jack Ryan, #5; Jack Ryan Universe, #6)",Tom Clancy,4.15,145853,1014,13,https://www.goodreads.com/book/show/32669.Clear_and_Present_Danger,8,3
706.0,Pleasant Day,Vera Jane Cook,4.31,1170,1014,11,https://www.goodreads.com/book/show/44575575-pleasant-day,8,1
708.0,Coin Locker Babies,Ryū Murakami,3.79,10083,1010,12,https://www.goodreads.com/book/show/14289.Coin_Locker_Babies,8,0
708.0,The Master and Margarita,Mikhail Bulgakov,4.28,448415,1010,12,https://www.goodreads.com/book/show/117833.The_Master_and_Margarita,8,3
708.0,Concrete Island,J.G. Ballard,3.67,10840,1010,12,https://www.goodreads.com/book/show/70251.Concrete_Island,8,0
711.0,Karna's Wheel,Michael Tobert,4.27,413,1009,11,https://www.goodreads.com/book/show/37814690-karna-s-wheel,8,1
712.0,"Clockwork Prince (The Infernal Devices, #2)",Cassandra Clare,4.42,594714,1008,12,https://www.goodreads.com/book/show/10025305-clockwork-prince,8,3
713.0,Mission: Subhero,Linda Armstrong,4.36,863,1007,11,https://www.goodreads.com/book/show/35508805-mission,8,1
713.0,Full Moon Saturday Night,Mark Barkawitz,4.28,219,1007,11,https://www.goodreads.com/book/show/49204605-full-moon-saturday-night,8,1
715.0,"Supreme Betrayal (Zachary Blake Legal Thriller, #6)",Mark M. Bello,4.32,3748,1006,12,https://www.goodreads.com/book/show/57291787-supreme-betrayal,8,1
716.0,"Elantris (Elantris, #1)",Brandon Sanderson,4.16,371977,1004,11,https://www.goodreads.com/book/show/68427.Elantris,8,3
717.0,"Code Name Verity (Code Name Verity, #1)",Elizabeth Wein,3.99,130863,1003,13,https://www.goodreads.com/book/show/11925514-code-name-verity,8,3
718.0,Arrangement in Black and White,Fred Misurella,4.35,606,1002,11,https://www.goodreads.com/book/show/22354895-arrangement-in-black-and-white,8,1
719.0,The Cask of Amontillado,Edgar Allan Poe,4.07,90581,1000,14,https://www.goodreads.com/book/show/261240.The_Cask_of_Amontillado,8,3
719.0,Life Between Seconds,Douglas Weissman,4.36,306,1000,11,https://www.goodreads.com/book/show/60500337-life-between-seconds,8,1
721.0,"Brownout - 666: A journey through sex, love and violence in the ultimate search",John Richard Spencer,4.37,498,998,11,https://www.goodreads.com/book/show/42849823-brownout---666,8,1
722.0,A Thousand Acres,Jane Smiley,3.83,73952,997,13,https://www.goodreads.com/book/show/41193.A_Thousand_Acres,8,0
723.0,"Dead as a Doornail (Sookie Stackhouse, #5)",Charlaine Harris,4.01,226588,994,12,https://www.goodreads.com/book/show/170210.Dead_as_a_Doornail,8,3
723.0,"A Gallery of Mothers (Brathius History, #2)",J.S. Latshaw,4.35,552,994,11,https://www.goodreads.com/book/show/53773619-a-gallery-of-mothers,8,1
723.0,"Africa's Child (Dancing Soul Trilogy, #1)",Maria Nhambu,4.3,3987,994,11,https://www.goodreads.com/book/show/29977617-africa-s-child,8,1
726.0,"A Wrinkle in Time (Time Quintet, #1)",Madeleine L'Engle,3.97,1311461,993,12,https://www.goodreads.com/book/show/33574273-a-wrinkle-in-time,8,3
727.0,The Sunshine Stone,Foster Henderson,4.62,313,992,10,https://www.goodreads.com/book/show/36285138-the-sunshine-stone,8,1
728.0,One Day,David Nicholls,3.88,421748,991,12,https://www.goodreads.com/book/show/6280118-one-day,8,3
729.0,The Missing Piece,Antoine Bello,3.7,1415,990,10,https://www.goodreads.com/book/show/83451.The_Missing_Piece,8,0
729.0,The Children Act,Ian McEwan,3.74,86767,990,12,https://www.goodreads.com/book/show/21965107-the-children-act,8,0
731.0,"Turning Point (Kathleen Turner, #3)",Tiffany Snow,4.43,7609,988,10,https://www.goodreads.com/book/show/15763047-turning-point,8,1
732.0,The Next Thing I Knew,John Corwin,3.6,172,986,10,https://www.goodreads.com/book/show/12208569-the-next-thing-i-knew,8,0
733.0,Big Sur,Jack Kerouac,3.83,38978,984,11,https://www.goodreads.com/book/show/50140.Big_Sur,8,0
734.0,"Turn to Me (Kathleen Turner, #2)",Tiffany Snow,4.36,8973,982,10,https://www.goodreads.com/book/show/13610768-turn-to-me,8,1
735.0,Affinity,Sarah Waters,3.75,29359,981,11,https://www.goodreads.com/book/show/72929.Affinity,8,0
735.0,The Complete Sherlock Holmes,Arthur Conan Doyle,4.51,220168,981,13,https://www.goodreads.com/book/show/188572.The_Complete_Sherlock_Holmes,8,3
735.0,Gone for Good,Harlan Coben,4.11,75724,981,13,https://www.goodreads.com/book/show/43930.Gone_for_Good,8,3
735.0,"The Lies of Locke Lamora (Gentleman Bastard, #1)",Scott Lynch,4.3,358791,981,11,https://www.goodreads.com/book/show/29588376-the-lies-of-locke-lamora,8,3
739.0,"Crime (Ray Lennox, #1)",Irvine Welsh,3.66,6116,980,12,https://www.goodreads.com/book/show/2285386.Crime,8,0
740.0,"No Turning Back (Kathleen Turner, #1)",Tiffany Snow,4.16,12155,979,10,https://www.goodreads.com/book/show/11786581-no-turning-back,8,3
741.0,Nobody Move,Denis Johnson,3.36,5406,978,12,https://www.goodreads.com/book/show/4907243-nobody-move,8,0
742.0,"Fallen (Fallen, #1)",Lauren Kate,3.72,624987,977,12,https://www.goodreads.com/book/show/6487308-fallen,8,0
742.0,"The Midnight Line (Jack Reacher, #22)",Lee Child,4.1,92566,977,12,https://www.goodreads.com/book/show/33378951-the-midnight-line,8,3
744.0,Brighton Rock,Graham Greene,3.69,37498,976,11,https://www.goodreads.com/book/show/48862.Brighton_Rock,8,0
744.0,"The Sisterhood of the Traveling Pants (Sisterhood, #1)",Ann Brashares,3.85,741176,976,12,https://www.goodreads.com/book/show/452306.The_Sisterhood_of_the_Traveling_Pants,8,3
746.0,The Burning Girls,C.J. Tudor,4.0,55364,972,12,https://www.goodreads.com/book/show/53387949-the-burning-girls,8,3
747.0,Saving Noah,Lucinda Berry,3.89,194466,970,10,https://www.goodreads.com/book/show/36121086-saving-noah,8,3
747.0,The Lost City: An Epic YA Fantasy Novel (The Tixie Chronicles Book 4),Jack Borden,4.36,537,970,11,https://www.goodreads.com/book/show/220761949-the-lost-city,8,1
749.0,One More Life to Live (Edward and the Bricklayer Book 1),Steven Decker,4.36,1498,965,10,https://www.goodreads.com/book/show/215515923-one-more-life-to-live,8,1
749.0,The Last Mona Lisa,Jonathan Santlofer,3.76,7903,965,10,https://www.goodreads.com/book/show/55819102-the-last-mona-lisa,8,0
751.0,Homecoming Queen: A Small-Town Political Thriller,Chad Boudreaux,4.32,1058,964,11,https://www.goodreads.com/book/show/201924694-homecoming-queen,8,1
752.0,The Killer Inside Me,Jim Thompson,3.9,30607,963,12,https://www.goodreads.com/book/show/298663.The_Killer_Inside_Me,8,0
753.0,"Grave Mercy (His Fair Assassin, #1)",Robin LaFevers,3.89,108302,961,12,https://www.goodreads.com/book/show/9565548-grave-mercy,8,0
754.0,Dare Me,Megan Abbott,3.23,30630,959,11,https://www.goodreads.com/book/show/12982393-dare-me,8,0
754.0,"The Sound of Suffering (The Master of Perception, #2)",Darin C. Brown,4.38,99,959,11,https://www.goodreads.com/book/show/42773851-the-sound-of-suffering,8,1
754.0,"The Girl in the Ice (Detective Erika Foster, #1)",Robert Bryndza,3.96,90825,959,11,https://www.goodreads.com/book/show/28233082-the-girl-in-the-ice,8,3
757.0,"No Time for Goodbye (No Time For Goodbye, #1)",Linwood Barclay,4.02,44380,958,11,https://www.goodreads.com/book/show/1225261.No_Time_for_Goodbye,8,3
757.0,The Marbled Swarm,Dennis Cooper,3.46,1537,958,11,https://www.goodreads.com/book/show/10737650-the-marbled-swarm,8,0
759.0,"The Standoff (Jack Widow, #12)",Scott Blade,4.43,2881,957,10,https://www.goodreads.com/book/show/51887334-the-standoff,8,1
759.0,The Wasp Trap: Book 3 in the Charlotte's War Trilogy,Hugo Woolley,4.43,384,957,11,https://www.goodreads.com/book/show/216036968-the-wasp-trap,8,1
761.0,Tree of Smoke,Denis Johnson,3.61,16186,955,12,https://www.goodreads.com/book/show/271074.Tree_of_Smoke,8,0
761.0,The 7½ Deaths of Evelyn Hardcastle,Stuart Turton,3.77,511583,955,12,https://www.goodreads.com/book/show/36337550-the-7-deaths-of-evelyn-hardcastle,8,0
763.0,The Informers,Bret Easton Ellis,3.4,20275,954,11,https://www.goodreads.com/book/show/9914.The_Informers,8,0
764.0,"Death du Jour (Temperance Brennan, #2)",Kathy Reichs,3.96,52231,953,13,https://www.goodreads.com/book/show/128756.Death_du_Jour,8,3
764.0,Black Fox: An Indigenous Horror Novel,Jack Moffet,3.98,563,953,10,https://www.goodreads.com/book/show/216912892-black-fox,8,1
766.0,The Roald Dahl Omnibus: Perfect Bedtime Stories for Sleepless Nights,Roald Dahl,4.34,2592,952,10,https://www.goodreads.com/book/show/44513.The_Roald_Dahl_Omnibus,8,1
766.0,The Death of Bunny Munro,Nick Cave,3.44,18292,952,12,https://www.goodreads.com/book/show/6389257-the-death-of-bunny-munro,8,0
766.0,"Fool Me Once (Detective Sami Kierce, #1)",Harlan Coben,3.97,144250,952,12,https://www.goodreads.com/book/show/26109394-fool-me-once,8,3
769.0,The Dead Zone,Stephen King,3.97,253977,951,12,https://www.goodreads.com/book/show/11573.The_Dead_Zone,8,3
770.0,Soul Protector (Soul Protector #1),Amanda Leigh Cowley,3.5,461,950,10,https://www.goodreads.com/book/show/12361729-soul-protector,8,0
771.0,"Betrayal In Black (Zachary Blake Legal Thriller, #4)",Mark M. Bello,4.28,375,947,11,https://www.goodreads.com/book/show/44597035-betrayal-in-black,8,1
771.0,The Lost Masterpiece,B.A. Shapiro,3.98,1572,947,10,https://www.goodreads.com/book/show/220175525-the-lost-masterpiece,8,1
773.0,Dr. Jekyll and Mr. Hyde,Robert Louis Stevenson,3.83,695926,946,11,https://www.goodreads.com/book/show/51496.Dr_Jekyll_and_Mr_Hyde,8,0
774.0,"The Poet (Jack McEvoy, #1; Harry Bosch Universe, #5)",Michael Connelly,4.23,112666,944,12,https://www.goodreads.com/book/show/32506.The_Poet,8,3
774.0,"Twilight (The Twilight Saga, #1)",Stephenie Meyer,3.68,7501685,944,13,https://www.goodreads.com/book/show/41865.Twilight,8,0
776.0,The Gargoyle,Andrew Davidson,3.98,51382,943,11,https://www.goodreads.com/book/show/2595138-the-gargoyle,8,3
776.0,"The Good Daughter (Good Daughter, #1)",Karin Slaughter,4.12,267283,943,11,https://www.goodreads.com/book/show/33230889-the-good-daughter,8,3
778.0,The Bell Jar,Sylvia Plath,4.04,1309884,942,11,https://www.goodreads.com/book/show/6514.The_Bell_Jar,8,3
778.0,Whisk Of Dust: Too Unseen Distance,Sherman Kennon,4.33,1449,942,11,https://www.goodreads.com/book/show/210434495-whisk-of-dust,8,1
780.0,"Fractured (Will Trent, #2)",Karin Slaughter,4.16,107160,940,10,https://www.goodreads.com/book/show/2199587.Fractured,8,3
780.0,"From Potter's Field (Kay Scarpetta, #6)",Patricia Cornwell,4.06,66156,940,12,https://www.goodreads.com/book/show/6537.From_Potter_s_Field,8,3
782.0,Tampa,Alissa Nutting,3.33,63021,939,11,https://www.goodreads.com/book/show/17225311-tampa,8,0
783.0,"A Discovery of Witches (All Souls, #1)",Deborah Harkness,4.02,569923,938,13,https://www.goodreads.com/book/show/8667848-a-discovery-of-witches,8,3
784.0,"Hannibal Rising (Hannibal Lecter, #4)",Thomas Harris,3.56,55683,937,11,https://www.goodreads.com/book/show/32416.Hannibal_Rising,8,0
785.0,The Day of the Jackal,Frederick Forsyth,4.27,149332,936,13,https://www.goodreads.com/book/show/540020.The_Day_of_the_Jackal,8,3
785.0,"The Name of the Star (Shades of London, #1)",Maureen Johnson,3.88,53993,936,11,https://www.goodreads.com/book/show/13595639-the-name-of-the-star,8,0
787.0,"Curtain (Hercule Poirot, #44)",Agatha Christie,4.1,52116,935,11,https://www.goodreads.com/book/show/81903.Curtain,8,3
788.0,Mexican Gothic,Silvia Moreno-Garcia,3.66,465140,934,10,https://www.goodreads.com/book/show/53152636-mexican-gothic,8,0
789.0,Mr. Mercedes (Bill Hodges #1),Stephen King,4.04,391102,933,12,https://www.goodreads.com/book/show/18775247-mr-mercedes,8,3
790.0,Pericles and Aspasia: A Story of Ancient Greece,Yvonne Korshak,4.28,15761,932,10,https://www.goodreads.com/book/show/62986809-pericles-and-aspasia,8,3
791.0,Heart of Darkness,Joseph Conrad,3.43,574681,930,13,https://www.goodreads.com/book/show/4900.Heart_of_Darkness,8,0
791.0,Just Out Of Reach,R. Gerry Fabian,4.41,398,930,11,https://www.goodreads.com/book/show/201930414-just-out-of-reach,8,1
793.0,"The Eyre Affair (Thursday Next, #1)",Jasper Fforde,3.88,139150,929,11,https://www.goodreads.com/book/show/27003.The_Eyre_Affair,8,0
794.0,"Origin (Robert Langdon, #5)",Dan Brown,3.9,381395,928,12,https://www.goodreads.com/book/show/32283133-origin,8,3
794.0,Audition,Ryū Murakami,3.61,24592,928,11,https://www.goodreads.com/book/show/3392668-audition,8,0
794.0,"Colorado Takedown (The McAllister Brothers, #1)",Cricket Rohman,4.33,699,928,10,https://www.goodreads.com/book/show/39789257-colorado-takedown,8,1
797.0,Daughter of Fortune,Isabel Allende,3.95,144415,924,12,https://www.goodreads.com/book/show/16527.Daughter_of_Fortune,8,3
797.0,"Dancing with The Field: Bringing Joy, Passion and Play into Everyday Life",Kris Kelkar,4.39,109,924,10,https://www.goodreads.com/book/show/45043077-dancing-with-the-field,8,1
797.0,"Eat, Pray, Love",Elizabeth Gilbert,3.65,1869162,924,11,https://www.goodreads.com/book/show/19501.Eat_Pray_Love,8,0
797.0,"My Sister's Grave (Tracy Crosswhite, #1)",Robert Dugoni,4.1,172418,924,12,https://www.goodreads.com/book/show/22341263-my-sister-s-grave,8,3
797.0,Some Animals (The Companion Chronicles #1),Joshua Todd James,4.33,286,924,11,https://www.goodreads.com/book/show/58884235-some-animals,9,1
802.0,The Companions,Cade Mengler,4.37,694,923,10,https://www.goodreads.com/book/show/197980720-the-companions,9,1
803.0,The Blind Assassin,Margaret Atwood,3.96,167130,922,12,https://www.goodreads.com/book/show/78433.The_Blind_Assassin,9,3
804.0,I Am the Cheese,Robert Cormier,3.78,17772,917,10,https://www.goodreads.com/book/show/48978.I_Am_the_Cheese,9,0
805.0,"Jurassic Park (Jurassic Park, #1)",Michael Crichton,4.14,1098505,916,11,https://www.goodreads.com/book/show/40604658-jurassic-park,9,3
805.0,Dark Rooms,Lili Anolik,3.14,3510,916,11,https://www.goodreads.com/book/show/22535506-dark-rooms,9,0
805.0,A Gracious Enemy & After the War Volume One,Michael G. Kramer,4.28,10842,916,11,https://www.goodreads.com/book/show/60657747-a-gracious-enemy-after-the-war-volume-one,9,1
808.0,"Glass Sword (Red Queen, #2)",Victoria Aveyard,3.77,441382,915,12,https://www.goodreads.com/book/show/23174274-glass-sword,9,0
809.0,Still Crazy,Judy Prescott Marshall,4.21,861,913,11,https://www.goodreads.com/book/show/55855357-still-crazy,9,1
810.0,"The Dentist (DS Cross Mysteries, #1)",Tim Sullivan,4.12,19642,912,10,https://www.goodreads.com/book/show/54030721-the-dentist,9,3
811.0,A Thousand Splendid Suns,Khaled Hosseini,4.46,1814723,911,12,https://www.goodreads.com/book/show/128029.A_Thousand_Splendid_Suns,9,3
812.0,"The Perfect Child (Hannah Bauer, #1)",Lucinda Berry,4.01,232166,909,10,https://www.goodreads.com/book/show/40886917-the-perfect-child,9,3
812.0,Murder At The Fort: A Double Homicide Cold Case And Cover Up!,Bob Marmion,4.36,359,909,10,https://www.goodreads.com/book/show/54351702-murder-at-the-fort,9,1
814.0,Naked Lunch: The Restored Text,William S. Burroughs,3.46,100715,907,12,https://www.goodreads.com/book/show/7437.Naked_Lunch,9,0
815.0,"Inkheart (Inkworld, #1)",Cornelia Funke,3.93,447532,906,11,https://www.goodreads.com/book/show/28194.Inkheart,9,3
816.0,"The Reptile Room (A Series of Unfortunate Events, #2)",Lemony Snicket,4.02,251150,905,10,https://www.goodreads.com/book/show/78418.The_Reptile_Room,9,3
817.0,Yildun: Worldmaker of Yand,Andri E. Elia,4.38,1350,904,10,https://www.goodreads.com/book/show/112932939-yildun,9,1
818.0,I'm in Love with a Stripper,Michelle Marola,3.26,352,900,9,https://www.goodreads.com/book/show/17303868-i-m-in-love-with-a-stripper,9,0
818.0,"Deep into Dusk (Gabriel McRay, #2)",Laurie Stevens,4.12,84,900,9,https://www.goodreads.com/book/show/18273695-deep-into-dusk,9,1
818.0,"The Devil in the White City: Murder, Magic, and Madness at the Fair That Changed America",Erik Larson,4.0,781667,900,11,https://www.goodreads.com/book/show/397483.The_Devil_in_the_White_City,9,3
821.0,"Shadow of Night (All Souls, #2)",Deborah Harkness,4.08,278039,899,12,https://www.goodreads.com/book/show/11559200-shadow-of-night,9,3
821.0,The Silence of Children,Chris Lewando,4.51,189,899,9,https://www.goodreads.com/book/show/62143499-the-silence-of-children,9,1
823.0,"I Am Her... (I Am Her..., #1)",Sarah Ann Walker,3.95,842,898,9,https://www.goodreads.com/book/show/17081593-i-am-her,9,1
823.0,Caged,Onaiza Khan,3.41,87,898,9,https://www.goodreads.com/book/show/32739596-caged,9,0
825.0,The Valley of Unknowing,Philip Sington,3.85,371,897,9,https://www.goodreads.com/book/show/15858303-the-valley-of-unknowing,9,1
825.0,"Horn-Horn (Horn-Horn, #1)",A.D.T. McLellan,4.59,152,897,9,https://www.goodreads.com/book/show/55777051-horn-horn,9,1
825.0,The Song of Achilles,Madeline Miller,4.3,2170238,897,11,https://www.goodreads.com/book/show/13623848-the-song-of-achilles,9,3
828.0,Twin Truths,Jacqueline Sutherland,4.06,181,896,9,https://www.goodreads.com/book/show/62061535-twin-truths,9,1
829.0,"Appellate Judge (Jack Ludefance, #3)",Behcet Kaya,4.3,5400,895,11,https://www.goodreads.com/book/show/56121234-appellate-judge,9,1
830.0,The Cure Hotel,Ashley S. Clancy,3.94,1036,893,9,https://www.goodreads.com/book/show/32729067-the-cure-hotel,9,1
831.0,Jassy,Norah Lofts,4.02,367,892,10,https://www.goodreads.com/book/show/2399928.Jassy,9,1
831.0,"The Dry (Aaron Falk, #1)",Jane Harper,4.06,276529,892,10,https://www.goodreads.com/book/show/27824826-the-dry,9,3
831.0,"Trouble on Main Street (Sugar Mountain, #1)",Kirsten Fullmer,4.25,4064,892,10,https://www.goodreads.com/book/show/52641918-trouble-on-main-street,9,1
834.0,Dark Eyes: White Lies (The Dark Eyes #2),M.R. Noble,4.29,668,889,10,https://www.goodreads.com/book/show/63908459-dark-eyes,9,1
835.0,"A MAN WHO SEEMED REAL: a story of love, lies, fear and kindness",Elizabeth Tebby Germaine,4.37,1399,888,10,https://www.goodreads.com/book/show/201311165-a-man-who-seemed-real,9,1
836.0,The Witch of Blackbird Pond,Elizabeth George Speare,4.03,162548,887,11,https://www.goodreads.com/book/show/703292.The_Witch_of_Blackbird_Pond,9,3
836.0,Steel Dogs,Matthew Bracey,4.33,248,887,10,https://www.goodreads.com/book/show/52669797-steel-dogs,9,1
838.0,Circe,Madeline Miller,4.22,1464202,886,11,https://www.goodreads.com/book/show/35959740-circe,9,3
839.0,White Walls,H.M.C.,4.05,110,885,9,https://www.goodreads.com/book/show/17888466-white-walls,9,1
840.0,Fantastic Beasts and Where to Find Them,Newt Scamander,3.95,422325,882,10,https://www.goodreads.com/book/show/41899.Fantastic_Beasts_and_Where_to_Find_Them,9,3
840.0,The Rose Code,Kate Quinn,4.44,406074,882,10,https://www.goodreads.com/book/show/53914938-the-rose-code,9,3
842.0,The Grapes of Wrath,John Steinbeck,4.04,1025950,881,13,https://www.goodreads.com/book/show/18114322-the-grapes-of-wrath,9,3
842.0,Double Trouble,D.M. Wolfenden,4.42,62,881,9,https://www.goodreads.com/book/show/27853361-double-trouble,9,1
842.0,Sometimes a Great Notion,Ken Kesey,4.26,24438,881,11,https://www.goodreads.com/book/show/529626.Sometimes_a_Great_Notion,9,3
845.0,Hitler the Cat Goes West,Robert G. Pielke,3.35,34,880,9,https://www.goodreads.com/book/show/3195878-hitler-the-cat-goes-west,9,0
845.0,"Torment (Fallen, #2)",Lauren Kate,3.84,247154,880,10,https://www.goodreads.com/book/show/7740152-torment,9,0
847.0,The Night Circus,Erin Morgenstern,3.99,1136430,879,12,https://www.goodreads.com/book/show/9361589-the-night-circus,9,3
847.0,La luz de Cabo rojo,Austin Star,4.49,186,879,9,https://www.goodreads.com/book/show/37877737-la-luz-de-cabo-rojo,9,1
847.0,The Grifters,Jim Thompson,3.92,12582,879,11,https://www.goodreads.com/book/show/19161914-the-grifters,9,0
847.0,Cloud Atlas,David Mitchell,4.01,274874,879,10,https://www.goodreads.com/book/show/49628.Cloud_Atlas,9,3
851.0,"Wolf Hall (Thomas Cromwell, #1)",Hilary Mantel,3.92,240506,878,10,https://www.goodreads.com/book/show/6101138-wolf-hall,9,3
852.0,Shot Down: The True Story of Pilot Howard Snyder and the Crew of the B-17 Susan Ruth,Steve Snyder,4.21,8592,877,10,https://www.goodreads.com/book/show/22881898-shot-down,9,1
852.0,An Invisible Client,Victor Methos,4.42,16642,877,9,https://www.goodreads.com/book/show/27264212-an-invisible-client,9,1
854.0,"Where Are the Children? (Where Are the Children, #1)",Mary Higgins Clark,4.04,62749,872,12,https://www.goodreads.com/book/show/43339.Where_Are_the_Children_,9,3
855.0,"The Kiss of Deception (The Remnant Chronicles, #1)",Mary E. Pearson,3.91,172039,870,10,https://www.goodreads.com/book/show/16429619-the-kiss-of-deception,9,3
855.0,Artemis,Andy Weir,3.67,363873,870,11,https://www.goodreads.com/book/show/34928122-artemis,9,0
857.0,Congo,Michael Crichton,3.64,181270,869,10,https://www.goodreads.com/book/show/7672.Congo,9,0
858.0,"The Raven Boys (The Raven Cycle, #1)",Maggie Stiefvater,4.05,410751,868,10,https://www.goodreads.com/book/show/17675462-the-raven-boys,9,3
859.0,The Swan Lake Murders (Mary Wandwalker #4),Susan Rowland,4.32,16566,867,9,https://www.goodreads.com/book/show/232101884-the-swan-lake-murders,9,3
860.0,The Metamorphosis,Franz Kafka,3.91,1549023,866,12,https://www.goodreads.com/book/show/485894.The_Metamorphosis,9,3
860.0,To Dream the Blackbane,Richard J. O'Brien,4.5,262,866,10,https://www.goodreads.com/book/show/43251704-to-dream-the-blackbane,9,1
862.0,Stranger on Stranger,G.B. Hope,4.62,58,865,9,https://www.goodreads.com/book/show/13819298-stranger-on-stranger,9,1
863.0,"The Witches of Scotland (The Dream Dancers: Akashic Chronicles, #1)",Steven P. Aitchison,3.92,8673,864,9,https://www.goodreads.com/book/show/60871061-the-witches-of-scotland,9,0
864.0,The Bone Church,Victoria Dougherty,3.85,623,862,9,https://www.goodreads.com/book/show/21457935-the-bone-church,9,0
864.0,"Fifty Shades of Grey (Fifty Shades, #1)",E.L. James,3.67,2924895,862,10,https://www.goodreads.com/book/show/10818853-fifty-shades-of-grey,9,0
866.0,The Orphanage by the Lake,Daniel G. Miller,3.86,65902,861,9,https://www.goodreads.com/book/show/202173601-the-orphanage-by-the-lake,9,0
867.0,Norwegian Wood,Haruki Murakami,3.98,770077,859,11,https://www.goodreads.com/book/show/11297.Norwegian_Wood,9,3
867.0,My Unbeating Heart,Eli Wilde,4.3,746,859,10,https://www.goodreads.com/book/show/171832024-my-unbeating-heart,9,1
869.0,"Code Geass: Lelouch of the Rebellion, Vol. 1 (Code Geass: Lelouch of the Rebellion, #1)",Majiko!,4.27,4384,858,9,https://www.goodreads.com/book/show/3265293-code-geass,9,1
870.0,"Inheritance (The Inheritance Cycle, #4)",Christopher Paolini,4.17,320517,857,11,https://www.goodreads.com/book/show/7664041-inheritance,9,3
870.0,Portrait of an Unknown Lady,María Gainza,3.3,2971,857,9,https://www.goodreads.com/book/show/58558406-portrait-of-an-unknown-lady,9,0
872.0,11/22/63,Stephen King,4.35,704721,854,11,https://www.goodreads.com/book/show/10644930-11-22-63,9,3
873.0,"The Girl in the Spider's Web (Millennium, #4)",David Lagercrantz,3.81,171979,852,14,https://www.goodreads.com/book/show/25074850-the-girl-in-the-spider-s-web,9,0
873.0,Segment of One,Michael Grigsby,4.36,192,852,9,https://www.goodreads.com/book/show/60682254-segment-of-one,9,1
875.0,The Wrong Boy,Willy Russell,4.12,2025,851,9,https://www.goodreads.com/book/show/839356.The_Wrong_Boy,9,1
875.0,"Primal Fear (Vail/Stampler, #1)",William Diehl,4.24,10409,851,9,https://www.goodreads.com/book/show/187650.Primal_Fear,9,1
877.0,"Things Fall Apart (The African Trilogy, #1)",Chinua Achebe,3.75,425668,849,12,https://www.goodreads.com/book/show/37781.Things_Fall_Apart,9,0
877.0,Strangers and Sojourners: A Big Percy Pletcher thriller,Paul A. Barra,4.33,998,849,10,https://www.goodreads.com/book/show/214173408-strangers-and-sojourners,9,1
879.0,"The Diamond Age: Or, a Young Lady's Illustrated Primer",Neal Stephenson,4.16,94111,847,9,https://www.goodreads.com/book/show/827.The_Diamond_Age,9,3
880.0,The Guernsey Literary and Potato Peel Pie Society,Mary Ann Shaffer,4.2,830250,846,11,https://www.goodreads.com/book/show/39832183-the-guernsey-literary-and-potato-peel-pie-society,9,3
881.0,The Maltese Falcon,Dashiell Hammett,3.86,118930,845,10,https://www.goodreads.com/book/show/29999.The_Maltese_Falcon,9,0
881.0,"A Time to Kill (Jake Brigance, #1)",John Grisham,4.12,833755,845,11,https://www.goodreads.com/book/show/32542.A_Time_to_Kill,9,3
883.0,Howl and Other Poems,Allen Ginsberg,4.13,121038,843,10,https://www.goodreads.com/book/show/6295.Howl_and_Other_Poems,9,3
883.0,"Stillhouse Lake (Stillhouse Lake, #1)",Rachel Caine,4.1,204294,843,10,https://www.goodreads.com/book/show/33128934-stillhouse-lake,9,3
883.0,Anya,Dennis K. Hausker,4.37,424,843,10,https://www.goodreads.com/book/show/123286499-anya,9,1
886.0,High-Rise,J.G. Ballard,3.65,43889,841,10,https://www.goodreads.com/book/show/12331767-high-rise,9,0
886.0,The Horror at Murden Cove (A Thomas Austin Crime Thriller #4),D.D. Black,4.34,9121,841,9,https://www.goodreads.com/book/show/63629751-the-horror-at-murden-cove,9,1
888.0,The Passenger,Lisa Lutz,3.71,46728,837,9,https://www.goodreads.com/book/show/26154406-the-passenger,9,0
888.0,"Blood Work (Harry Bosch Universe, #7)",Michael Connelly,4.16,63949,837,11,https://www.goodreads.com/book/show/32504.Blood_Work,9,3
890.0,Thirteen for Dinner,Kathleen Lopez,4.29,304,836,9,https://www.goodreads.com/book/show/55921885-thirteen-for-dinner,9,1
891.0,"Mort (Discworld, #4; Death, #1)",Terry Pratchett,4.24,280280,834,9,https://www.goodreads.com/book/show/386372.Mort,9,3
892.0,"My Bully, My Aunt, & Her Final Gift",Harold Phifer,4.43,1034,832,9,https://www.goodreads.com/book/show/226183698-my-bully-my-aunt-her-final-gift,9,1
893.0,"Wonder (Wonder, #1)",R.J. Palacio,4.35,1224148,829,10,https://www.goodreads.com/book/show/11387515-wonder,9,3
894.0,Caught,Harlan Coben,4.01,86033,826,10,https://www.goodreads.com/book/show/6681454-caught,9,3
894.0,Heart of a Dog,Mikhail Bulgakov,4.08,79158,826,9,https://www.goodreads.com/book/show/113205.Heart_of_a_Dog,9,3
894.0,"2nd Chance (Women's Murder Club, #2)",James Patterson,4.09,128096,826,11,https://www.goodreads.com/book/show/13136.2nd_Chance,9,3
897.0,Coma,Robin Cook,3.88,53901,823,11,https://www.goodreads.com/book/show/20454107-coma,9,0
898.0,"Tempted (House of Night, #6)",P.C. Cast,3.95,175690,821,10,https://www.goodreads.com/book/show/6262365-tempted,9,3
898.0,Watchers,Dean Koontz,4.19,174508,821,11,https://www.goodreads.com/book/show/32423.Watchers,9,3
898.0,"The Big Sleep (Philip Marlowe, #1)",Raymond Chandler,3.94,173408,821,9,https://www.goodreads.com/book/show/2052.The_Big_Sleep,9,3
898.0,"Betrayal In Blue (Zachary Blake Legal Thriller, #3)",Mark M. Bello,4.31,355,821,9,https://www.goodreads.com/book/show/41591675-betrayal-in-blue,10,1
902.0,Go Ask Alice,Beatrice Sparks,3.73,296409,819,9,https://www.goodreads.com/book/show/46799.Go_Ask_Alice,10,0
902.0,Her Own Legacy (Château de Verzat #1),Debra Borchert,4.42,262,819,9,https://www.goodreads.com/book/show/62110098-her-own-legacy,10,1
904.0,The Turn of the Key,Ruth Ware,3.9,339914,818,9,https://www.goodreads.com/book/show/42080142-the-turn-of-the-key,10,3
905.0,"The Tattooist of Auschwitz (The Tattooist of Auschwitz, #1)",Heather Morris,4.32,1216573,816,12,https://www.goodreads.com/book/show/38359036-the-tattooist-of-auschwitz,10,3
906.0,Novel with Cocaine,M. Agueev,3.85,3853,814,9,https://www.goodreads.com/book/show/250113.Novel_with_Cocaine,10,0
907.0,LOOP,William Kely McClung,4.26,943,813,9,https://www.goodreads.com/book/show/60570739-loop,10,1
908.0,You Belong To Me,Mary Higgins Clark,3.92,30274,812,11,https://www.goodreads.com/book/show/43342.You_Belong_To_Me,10,0
909.0,Darkness at Noon,Arthur Koestler,4.12,35030,809,9,https://www.goodreads.com/book/show/30672.Darkness_at_Noon,10,3
910.0,"Fifty Shades Darker (Fifty Shades, #2)",E.L. James,3.82,989182,808,10,https://www.goodreads.com/book/show/11857408-fifty-shades-darker,10,0
910.0,"Faithful Place (Dublin Murder Squad, #3)",Tana French,4.0,136575,808,10,https://www.goodreads.com/book/show/7093952-faithful-place,10,3
912.0,Dracula,Bram Stoker,4.03,1537987,805,13,https://www.goodreads.com/book/show/17245.Dracula,10,3
912.0,Franz Kafka's The Castle,David Fishelson,4.1,28981,805,10,https://www.goodreads.com/book/show/17689.Franz_Kafka_s_The_Castle,10,3
912.0,The Mustachioed Woman of Shanghai,Isham Cook,4.42,183,805,9,https://www.goodreads.com/book/show/55760968-the-mustachioed-woman-of-shanghai,10,1
915.0,Frisk,Dennis Cooper,3.66,4469,803,9,https://www.goodreads.com/book/show/51590.Frisk,10,0
915.0,"Child 44 (Leo Demidov, #1)",Tom Rob Smith,4.11,91889,803,10,https://www.goodreads.com/book/show/2161733.Child_44,10,3
915.0,"Fool Moon (The Dresden Files, #2)",Jim Butcher,3.97,218129,803,9,https://www.goodreads.com/book/show/91477.Fool_Moon,10,3
918.0,The Gift of the Magi and Other Short Stories,O. Henry,4.12,6362,802,9,https://www.goodreads.com/book/show/31626.The_Gift_of_the_Magi_and_Other_Short_Stories,10,1
919.0,Piercing,Ryū Murakami,3.68,21914,801,9,https://www.goodreads.com/book/show/14288.Piercing,10,0
919.0,"Legend (Legend, #1)",Marie Lu,4.15,573825,801,9,https://www.goodreads.com/book/show/9275658-legend,10,3
921.0,Moonlight on Diamonds,Lydia Storm,3.91,43,800,8,https://www.goodreads.com/book/show/6492348-moonlight-on-diamonds,10,1
921.0,The Carer,Scott L. Nelson,4.24,109,800,8,https://www.goodreads.com/book/show/22085174-the-carer,10,1
921.0,"Fox, Badger Hedgehog, and Me",Peter Mellors,4.43,14,800,8,https://www.goodreads.com/book/show/245869195-fox-badger-hedgehog-and-me,10,1
924.0,"Split Second (Sean King & Michelle Maxwell, #1)",David Baldacci,4.07,89958,799,10,https://www.goodreads.com/book/show/204276.Split_Second,10,3
924.0,Uncanny Alliance (Jack Ludefance PI Series),Behcet Kaya,4.37,1097,799,9,https://www.goodreads.com/book/show/211159893-uncanny-alliance,10,1
926.0,The Fall of the House of Usher and Other Tales,Edgar Allan Poe,4.17,75176,798,11,https://www.goodreads.com/book/show/32559.The_Fall_of_the_House_of_Usher_and_Other_Tales,10,3
926.0,"Reality of Life (Perception, #2)",Shandi Boyes,4.47,377,798,8,https://www.goodreads.com/book/show/29562892-reality-of-life,10,1
926.0,Where the Wild Things Are,Maurice Sendak,4.26,1087564,798,10,https://www.goodreads.com/book/show/19543.Where_the_Wild_Things_Are,10,3
929.0,Zero Alternative,Luca Pesaro,3.96,91,797,8,https://www.goodreads.com/book/show/21445001-zero-alternative,10,1
930.0,The Testament,John Grisham,3.93,129873,794,9,https://www.goodreads.com/book/show/5348.The_Testament,10,3
931.0,A Monster Calls,Patrick Ness,4.34,296879,793,10,https://www.goodreads.com/book/show/25480342-a-monster-calls,10,3
931.0,"Females of Valor (The Viking's Kurdish Love, #2)",Widad Akreyi,4.71,111,793,8,https://www.goodreads.com/book/show/57550595-females-of-valor,10,1
933.0,"Zoroastrians' Fight for Survival (The Viking's Kurdish Love, #1)",Widad Akreyi,4.67,121,792,8,https://www.goodreads.com/book/show/57550531-zoroastrians-fight-for-survival,10,1
934.0,Identical,Ellen Hopkins,4.29,67859,791,9,https://www.goodreads.com/book/show/2241059.Identical,10,3
934.0,The Idiot,Fyodor Dostoevsky,4.21,231299,791,9,https://www.goodreads.com/book/show/12505.The_Idiot,10,3
934.0,"Eeny Meeny (Helen Grace, #1)",M.J. Arlidge,3.95,58059,791,9,https://www.goodreads.com/book/show/23398806-eeny-meeny,10,3
934.0,The Daughter of Kurdland: A Life Dedicated to Humankind,Widad Akreyi,4.2,409,791,8,https://www.goodreads.com/book/show/55506538-the-daughter-of-kurdland,10,1
934.0,"Dune (Dune, #1)",Frank Herbert,4.29,1704636,791,10,https://www.goodreads.com/book/show/44767458-dune,10,3
939.0,The Book of Illusions,Paul Auster,3.9,27401,790,9,https://www.goodreads.com/book/show/50618.The_Book_of_Illusions,10,0
940.0,"One Shot (Jack Reacher, #9)",Lee Child,4.24,129469,789,10,https://www.goodreads.com/book/show/220968.One_Shot,10,3
940.0,"The Forever War (The Forever War, #1)",Joe Haldeman,4.14,185112,789,9,https://www.goodreads.com/book/show/21611.The_Forever_War,10,3
940.0,"The Alienist (Dr. Laszlo Kreizler, #1)",Caleb Carr,4.06,184836,789,10,https://www.goodreads.com/book/show/40024.The_Alienist,10,3
943.0,"Listen To Me (Rizzoli & Isles, #13)",Tess Gerritsen,4.15,24343,788,9,https://www.goodreads.com/book/show/58885794-listen-to-me,10,3
944.0,"Darkly Dreaming Dexter (Dexter, #1)",Jeff Lindsay,3.9,226047,787,9,https://www.goodreads.com/book/show/17231.Darkly_Dreaming_Dexter,10,3
945.0,The Neverending Story,Michael Ende,4.18,227218,785,10,https://www.goodreads.com/book/show/27712.The_Neverending_Story,10,3
945.0,"The Sympathizer (The Sympathizer, #1)",Viet Thanh Nguyen,4.0,144350,785,9,https://www.goodreads.com/book/show/23168277-the-sympathizer,10,3
947.0,"Roses Are Red (Alex Cross, #6)",James Patterson,4.11,78677,784,9,https://www.goodreads.com/book/show/79378.Roses_Are_Red,10,3
948.0,The Gates to Love and War,Janie Pendleton,4.59,29,783,8,https://www.goodreads.com/book/show/3314550-the-gates-to-love-and-war,10,1
948.0,Her Fearful Symmetry,Audrey Niffenegger,3.27,96824,783,10,https://www.goodreads.com/book/show/6202342-her-fearful-symmetry,10,0
950.0,Rose Madder,Stephen King,3.76,127116,780,10,https://www.goodreads.com/book/show/10619.Rose_Madder,10,0
951.0,Train Dreams,Denis Johnson,3.85,56285,779,10,https://www.goodreads.com/book/show/12991188-train-dreams,10,0
951.0,Found,Erin Kinsley,4.1,29807,779,8,https://www.goodreads.com/book/show/44706515-found,10,3
953.0,Looking for Alaska,John Green,3.96,1785042,778,10,https://www.goodreads.com/book/show/99561.Looking_for_Alaska,10,3
954.0,Delta of Venus,Anaïs Nin,3.59,26656,777,9,https://www.goodreads.com/book/show/11041.Delta_of_Venus,10,0
955.0,The Largesse of the Sea Maiden,Denis Johnson,3.94,10090,776,9,https://www.goodreads.com/book/show/35135343-the-largesse-of-the-sea-maiden,10,0
956.0,The Crying of Lot 49,Thomas Pynchon,3.69,101821,773,9,https://www.goodreads.com/book/show/2794.The_Crying_of_Lot_49,10,0
957.0,A Twist in the Tale,Jeffrey Archer,3.89,13313,772,9,https://www.goodreads.com/book/show/78976.A_Twist_in_the_Tale,10,0
957.0,If We Were Villains,M.L. Rio,4.07,441033,772,10,https://www.goodreads.com/book/show/30319086-if-we-were-villains,10,3
959.0,The Deadly Caress,O.N. Stefan,4.18,264,771,8,https://www.goodreads.com/book/show/20967943-the-deadly-caress,10,1
959.0,Victorian Songlight: The Birthings of Magic & Mystery,Kathy Martone,4.29,386,771,9,https://www.goodreads.com/book/show/51054900-victorian-songlight,10,1
961.0,The Fury,Alex Michaelides,3.35,252922,770,8,https://www.goodreads.com/book/show/123206645-the-fury,10,0
962.0,"One of Us Is Lying (One of Us is Lying, #1)",Karen M. McManus,3.9,1109768,768,10,https://www.goodreads.com/book/show/58679358-one-of-us-is-lying,10,3
962.0,"Doctor Sleep (The Shining, #2)",Stephen King,4.13,307719,768,9,https://www.goodreads.com/book/show/16130549-doctor-sleep,10,3
964.0,Wired,Martha Carr,3.85,55,767,8,https://www.goodreads.com/book/show/2684521-wired,10,1
965.0,For the Sake of a Child,Stevie Turner,4.15,201,766,8,https://www.goodreads.com/book/show/23207554-for-the-sake-of-a-child,10,1
965.0,The Drowning Kind,Jennifer McMahon,3.81,32148,766,8,https://www.goodreads.com/book/show/54303987-the-drowning-kind,10,0
967.0,Walk Two Moons,Sharon Creech,4.0,175713,764,9,https://www.goodreads.com/book/show/53496.Walk_Two_Moons,10,3
968.0,"The Notebook (The Notebook, #1)",Nicholas Sparks,4.17,1872202,763,9,https://www.goodreads.com/book/show/33648131-the-notebook,10,3
969.0,EVO,Diane May,4.03,907,762,8,https://www.goodreads.com/book/show/42653129-evo,10,1
969.0,Fear and Loathing in Las Vegas: A Savage Journey to the Heart of the American Dream,Hunter S. Thompson,4.06,388334,762,9,https://www.goodreads.com/book/show/7745.Fear_and_Loathing_in_Las_Vegas,10,3
969.0,Sadie,Courtney Summers,4.02,134094,762,9,https://www.goodreads.com/book/show/34810320-sadie,10,3
972.0,Velocity,Dean Koontz,3.87,67988,761,9,https://www.goodreads.com/book/show/32421.Velocity,10,0
973.0,Don't Look Back,Jennifer L. Armentrout,4.09,35746,759,9,https://www.goodreads.com/book/show/18296030-don-t-look-back,10,3
973.0,But What If We're Wrong? Thinking About the Present As If It Were the Past,Chuck Klosterman,3.66,19098,759,9,https://www.goodreads.com/book/show/27068734-but-what-if-we-re-wrong-thinking-about-the-present-as-if-it-were-the-pa,10,0
973.0,Not What She Seems,Yasmin Angoe,3.74,20327,759,8,https://www.goodreads.com/book/show/203688844-not-what-she-seems,10,0
976.0,Anna Karenina,Leo Tolstoy,4.11,966080,758,10,https://www.goodreads.com/book/show/15823480-anna-karenina,10,3
976.0,"A Court of Thorns and Roses (A Court of Thorns and Roses, #1)",Sarah J. Maas,4.15,4570735,758,10,https://www.goodreads.com/book/show/50659467-a-court-of-thorns-and-roses,10,3
976.0,The Final Steps: A Harbor Springs Cozy Legal Mystery,Mark M. Bello,4.33,404,758,9,https://www.goodreads.com/book/show/123270513-the-final-steps,10,1
979.0,"Shattered Lives: A Brutal Murder, A Cop On The Edge",Peter Seymour,4.28,333,755,9,https://www.goodreads.com/book/show/198962087-shattered-lives,10,1
980.0,The Drowned World,J.G. Ballard,3.47,21554,754,9,https://www.goodreads.com/book/show/16234584-the-drowned-world,10,0
980.0,"Cruel & Unusual (Kay Scarpetta, #4)",Patricia Cornwell,4.13,118797,754,9,https://www.goodreads.com/book/show/85379.Cruel_Unusual,10,3
982.0,The Georgia Express: A Tale of the Civil War,Phillip Urlevich,4.14,63,751,8,https://www.goodreads.com/book/show/55658356-the-georgia-express,10,1
982.0,Stranger on the Shore,William J. Borak,4.41,304,751,8,https://www.goodreads.com/book/show/123201095-stranger-on-the-shore,10,1
984.0,Kafka on the Shore,Haruki Murakami,4.11,575209,750,9,https://www.goodreads.com/book/show/4929.Kafka_on_the_Shore,10,3
985.0,The Martian,Andy Weir,4.42,1375871,748,10,https://www.goodreads.com/book/show/18007564-the-martian,10,3
986.0,"Career of Evil (Cormoran Strike, #3)",Robert Galbraith,4.22,235306,747,9,https://www.goodreads.com/book/show/40611999-career-of-evil,10,3
987.0,Insomnia,Stephen King,3.83,172310,746,9,https://www.goodreads.com/book/show/10585.Insomnia,10,0
988.0,Killing Yourself to Live: 85% of a True Story,Chuck Klosterman,3.85,28731,745,9,https://www.goodreads.com/book/show/597.Killing_Yourself_to_Live,10,0
989.0,The Hundred Secret Senses,Amy Tan,4.01,47249,744,10,https://www.goodreads.com/book/show/690866.The_Hundred_Secret_Senses,10,3
990.0,Lullaby,Chuck Palahniuk,3.74,104977,743,9,https://www.goodreads.com/book/show/22206.Lullaby,10,0
991.0,The Fall,Albert Camus,4.02,145449,741,9,https://www.goodreads.com/book/show/11991.The_Fall,10,3
991.0,The Sluts,Dennis Cooper,3.77,12120,741,9,https://www.goodreads.com/book/show/51587.The_Sluts,10,0
991.0,"Fall of Giants (The Century Trilogy, #1)",Ken Follett,4.33,355284,741,9,https://www.goodreads.com/book/show/7315573-fall-of-giants,10,3
994.0,The Dragon Storm - Gates,Anthony DiPaolo,4.38,811,740,8,https://www.goodreads.com/book/show/62606951-the-dragon-storm---gates,10,1
995.0,Angels,Denis Johnson,3.99,6469,736,9,https://www.goodreads.com/book/show/9903.Angels,10,0
996.0,My Lovely Wife,Samantha Downing,3.82,174024,735,8,https://www.goodreads.com/book/show/39796904-my-lovely-wife,10,0
997.0,Bay of Devils,Grahame Shannon,4.34,173,734,8,https://www.goodreads.com/book/show/55345948-bay-of-devils,10,1
998.0,Lolita,Vladimir Nabokov,3.87,976978,731,11,https://www.goodreads.com/book/show/7604.Lolita,10,3
998.0,Red Russia,Tanya Thompson,4.05,9513,731,8,https://www.goodreads.com/book/show/36043601-red-russia,10,3
998.0,"61 Hours (Jack Reacher, #14)",Lee Child,4.13,104267,731,8,https://www.goodreads.com/book/show/6977769-61-hours,10,3
998.0,"Dirk Gently's Holistic Detective Agency (Dirk Gently, #1)",Douglas Adams,3.97,150905,731,9,https://www.goodreads.com/book/show/365.Dirk_Gently_s_Holistic_Detective_Agency,11,3
1002.0,Snuff,Chuck Palahniuk,3.22,68005,728,8,https://www.goodreads.com/book/show/1840511.Snuff,11,0
1002.0,Women,Charles Bukowski,3.79,88651,728,8,https://www.goodreads.com/book/show/38500.Women,11,0
1002.0,"Hush, Hush (Hush, Hush, #1)",Becca Fitzpatrick,3.92,752800,728,10,https://www.goodreads.com/book/show/6339664-hush-hush,11,3
1005.0,The Prince of Tides,Pat Conroy,4.26,221098,727,9,https://www.goodreads.com/book/show/16735.The_Prince_of_Tides,11,3
1006.0,"The Devotion of Suspect X (Detective Galileo, #1)",Keigo Higashino,4.16,85454,726,9,https://www.goodreads.com/book/show/8686068-the-devotion-of-suspect-x,11,3
1006.0,"Little Women (Little Women, #1)",Louisa May Alcott,4.18,2538458,726,10,https://www.goodreads.com/book/show/1934.Little_Women,11,3
1006.0,"Dodging Satan: My Irish/Italian, Sometimes Awesome, But Mostly Creepy, Childhood",Kathleen Zamboni McCormick,4.28,3866,726,9,https://www.goodreads.com/book/show/28009303-dodging-satan,11,1
1006.0,Effacement,Hieronymus Hawkes,4.21,456,726,8,https://www.goodreads.com/book/show/56908595-effacement,11,1
1010.0,The Silmarillion,J.R.R. Tolkien,4.04,348779,725,10,https://www.goodreads.com/book/show/7332.The_Silmarillion,11,3
1011.0,"A Court of Wings and Ruin (A Court of Thorns and Roses, #3)",Sarah J. Maas,4.46,2933662,724,9,https://www.goodreads.com/book/show/50659472-a-court-of-wings-and-ruin,11,3
1011.0,Gravity’s Rainbow,Thomas Pynchon,4.02,50124,724,8,https://www.goodreads.com/book/show/415.Gravity_s_Rainbow,11,3
1011.0,A Summer of Good-Byes (Blue Triangle Press Book 2),Fred Misurella,4.32,542,724,8,https://www.goodreads.com/book/show/34937453-a-summer-of-good-byes,11,1
1014.0,Ghost Doors,Frank Lambert,4.3,634,723,8,https://www.goodreads.com/book/show/199556688-ghost-doors,11,1
1014.0,The Heart Is a Lonely Hunter,Carson McCullers,3.99,123862,723,10,https://www.goodreads.com/book/show/37380.The_Heart_Is_a_Lonely_Hunter,11,3
1016.0,"Hunted (House of Night, #5)",P.C. Cast,3.93,192935,721,8,https://www.goodreads.com/book/show/4134071-hunted,11,3
1016.0,"The Thief (The Emperor, the Son and the Thief, #3)",Robert Reid,4.42,850,721,10,https://www.goodreads.com/book/show/60585355-the-thief,11,1
1018.0,Joey and His Friend Water,Ellen J. Lewinberg,4.3,5286,719,8,https://www.goodreads.com/book/show/153680369-joey-and-his-friend-water,11,1
1019.0,The Chamber,John Grisham,3.86,148723,718,9,https://www.goodreads.com/book/show/5355.The_Chamber,11,0
1020.0,"Alanna: The First Adventure (Song of the Lioness, #1)",Tamora Pierce,4.27,138428,717,8,https://www.goodreads.com/book/show/13831.Alanna,11,3
1021.0,The Doors of Perception & Heaven and Hell,Aldous Huxley,3.9,77839,716,8,https://www.goodreads.com/book/show/5128.The_Doors_of_Perception_Heaven_and_Hell,11,0
1022.0,The Demon,Hubert Selby Jr.,3.9,3641,715,8,https://www.goodreads.com/book/show/46941.The_Demon,11,0
1022.0,The Death of Mrs. Westaway,Ruth Ware,3.79,206131,715,11,https://www.goodreads.com/book/show/36373481-the-death-of-mrs-westaway,11,0
1022.0,"F is for Fugitive (Kinsey Millhone, #6)",Sue Grafton,3.95,42539,715,9,https://www.goodreads.com/book/show/169211.F_is_for_Fugitive,11,3
1025.0,All the Missing Girls,Megan Miranda,3.69,253238,714,9,https://www.goodreads.com/book/show/23212667-all-the-missing-girls,11,0
1025.0,"Equal Rites (Discworld, #3; Witches, #1)",Terry Pratchett,4.07,205726,714,8,https://www.goodreads.com/book/show/34507.Equal_Rites,11,3
1027.0,"Jaws (Jaws, #1)",Peter Benchley,3.94,185152,713,9,https://www.goodreads.com/book/show/126232.Jaws,11,3
1027.0,The Devil's Trinity,Michael Parker,4.26,5635,713,9,https://www.goodreads.com/book/show/19485618-the-devil-s-trinity,11,1
1029.0,"The House of the Scorpion (Matteo Alacran, #1)",Nancy Farmer,4.08,98045,712,9,https://www.goodreads.com/book/show/13376.The_House_of_the_Scorpion,11,3
1030.0,"Ella Enchanted (Ella Enchanted, #1)",Gail Carson Levine,4.02,427344,711,8,https://www.goodreads.com/book/show/24337.Ella_Enchanted,11,3
1031.0,Fangirl,Rainbow Rowell,3.93,790628,710,9,https://www.goodreads.com/book/show/16068905-fangirl,11,3
1032.0,"Truly, Devious (Truly Devious, #1)",Maureen Johnson,3.87,189752,709,9,https://www.goodreads.com/book/show/29589074-truly-devious,11,0
1033.0,"The Cold Moon (Lincoln Rhyme, #7)",Jeffery Deaver,4.08,22411,707,8,https://www.goodreads.com/book/show/93808.The_Cold_Moon,11,3
1033.0,The Sisters Brothers,Patrick deWitt,3.85,105485,707,8,https://www.goodreads.com/book/show/9850443-the-sisters-brothers,11,0
1035.0,Nutshell,Ian McEwan,3.68,59996,706,9,https://www.goodreads.com/book/show/30008702-nutshell,11,0
1035.0,Little Fires Everywhere,Celeste Ng,4.06,1351619,706,8,https://www.goodreads.com/book/show/51704136-little-fires-everywhere,11,3
1037.0,Why Didn't They Ask Evans?,Agatha Christie,3.91,41942,705,8,https://www.goodreads.com/book/show/102303.Why_Didn_t_They_Ask_Evans_,11,0
1037.0,Joyland,Stephen King,3.92,187031,705,8,https://www.goodreads.com/book/show/13596166-joyland,11,3
1037.0,"The Maid (Molly the Maid, #1)",Nita Prose,3.74,739045,705,8,https://www.goodreads.com/book/show/55196813-the-maid,11,0
1037.0,Neighborhood Lines,Michael Patrick Murphy,4.36,218,705,8,https://www.goodreads.com/book/show/40610475-neighborhood-lines,11,1
1041.0,Timbi's Dream,Max Nowaz,4.35,576,704,8,https://www.goodreads.com/book/show/28638480-timbi-s-dream,11,1
1042.0,Macom Farm,Tom Baldwin,4.32,906,701,8,https://www.goodreads.com/book/show/73759908-macom-farm,11,1
1042.0,"The Dante Club (The Dante Club, #1)",Matthew Pearl,3.42,43283,701,8,https://www.goodreads.com/book/show/18402.The_Dante_Club,11,0
1044.0,The Unwords,Non Nomen,3.65,270,700,7,https://www.goodreads.com/book/show/13508406-the-unwords,11,0
1044.0,"Allegiant (Divergent, #3)",Veronica Roth,3.6,1165160,700,10,https://www.goodreads.com/book/show/18710190-allegiant,11,0
1044.0,A Portrait of the Artist as a Young Man,James Joyce,3.65,168148,700,8,https://www.goodreads.com/book/show/7588.A_Portrait_of_the_Artist_as_a_Young_Man,11,0
1044.0,"The Likeness (Dublin Murder Squad, #2)",Tana French,4.06,186535,700,9,https://www.goodreads.com/book/show/5941114-the-likeness,11,3
1044.0,Mirage,Nilakshi Garg,4.39,142,700,7,https://www.goodreads.com/book/show/52341674-mirage,11,1
1044.0,Girl on Trial,Kathleen Fine,3.9,990,700,7,https://www.goodreads.com/book/show/122757692-girl-on-trial,11,0
1044.0,Morrow's Con: Opening Gambit (Morrow's Con Stories Book 1),Earl James,4.6,98,700,7,https://www.goodreads.com/book/show/75355763-morrow-s-con,11,1
1044.0,The Hollow Vow,Dr John Pierre Craig,5.0,12,700,7,https://www.goodreads.com/book/show/246498742-the-hollow-vow,11,1
1044.0,Pushing Up Daisies (Ivy Hill Flower Shop Mystery Series: A Cozy Mystery of Blooms and Dooms Book 2),Steven T. Duff,4.83,12,700,7,https://www.goodreads.com/book/show/247937108-pushing-up-daisies,11,1
1053.0,"Angelfall (Penryn & the End of Days, #1)",Susan Ee,4.09,200767,699,9,https://www.goodreads.com/book/show/15863832-angelfall,11,3
1053.0,Off the Grid: The Catalyst,Brian Courtney,4.19,347,699,7,https://www.goodreads.com/book/show/24856817-off-the-grid,11,1
1055.0,The Roads Chosen,Ben Carlyle,4.21,61,698,7,https://www.goodreads.com/book/show/208288674-the-roads-chosen,11,1
1056.0,"The Tied Man (The Tied Man, #1)",Tabitha McGowan,4.05,5232,697,7,https://www.goodreads.com/book/show/17237477-the-tied-man,11,3
1056.0,"A Great and Terrible Beauty (Gemma Doyle, #1)",Libba Bray,3.8,226318,697,8,https://www.goodreads.com/book/show/3682.A_Great_and_Terrible_Beauty,11,0
1056.0,Othello,William Shakespeare,3.89,448330,697,9,https://www.goodreads.com/book/show/12996.Othello,11,3
1059.0,"Everything, Everything",Nicola Yoon,3.96,690881,696,8,https://www.goodreads.com/book/show/18692431-everything-everything,11,3
1059.0,"Mrs. McGinty's Dead (Hercule Poirot, #29)",Agatha Christie,3.86,42084,696,8,https://www.goodreads.com/book/show/121622.Mrs_McGinty_s_Dead,11,0
1061.0,"The End of The Computer (Thunder Valley Trilogy, #1)",Andre Mikhailovich Solonitsyn,4.01,73,695,7,https://www.goodreads.com/book/show/12488314-the-end-of-the-computer,11,1
1061.0,Corruption of Power,G.W. Eccles,4.14,80,695,7,https://www.goodreads.com/book/show/28192570-corruption-of-power,11,1
1061.0,"Lethal White (Cormoran Strike, #4)",Robert Galbraith,4.25,192226,695,8,https://www.goodreads.com/book/show/42283287-lethal-white,11,3
1064.0,Imperial Bedrooms,Bret Easton Ellis,3.2,21477,694,8,https://www.goodreads.com/book/show/7519866-imperial-bedrooms,11,0
1065.0,Howards End,E.M. Forster,3.96,96635,693,8,https://www.goodreads.com/book/show/38374795-howards-end,11,3
1065.0,"Case Histories (Jackson Brodie, #1)",Kate Atkinson,3.79,126969,693,9,https://www.goodreads.com/book/show/16243.Case_Histories,11,0
1067.0,"The Keeper of Lost Causes (Department Q, #1)",Jussi Adler-Olsen,4.01,98064,692,9,https://www.goodreads.com/book/show/10822858-the-keeper-of-lost-causes,11,3
1067.0,Just a Typo: The Cancellation of Celebrity Mo Riverlake,John Bennardo,4.3,192,692,8,https://www.goodreads.com/book/show/56788649-just-a-typo,11,1
1069.0,Choke,Chuck Palahniuk,3.71,224526,691,8,https://www.goodreads.com/book/show/29059.Choke,11,0
1070.0,"Turn on a Dime (Kathleen Turner, #1.5)",Tiffany Snow,4.27,3576,690,7,https://www.goodreads.com/book/show/17902328-turn-on-a-dime,11,1
1071.0,"Sandstorm (Sigma Force, #1)",James Rollins,3.96,55754,689,8,https://www.goodreads.com/book/show/183822.Sandstorm,11,3
1072.0,"The Throne of Fire (The Kane Chronicles, #2)",Rick Riordan,4.18,233485,687,9,https://www.goodreads.com/book/show/9067850-the-throne-of-fire,11,3
1072.0,A Taste of Peace,J.J. Sorel,4.25,224,687,8,https://www.goodreads.com/book/show/56825276-a-taste-of-peace,11,1
1074.0,Blank Slate,Tiffany Snow,3.88,2761,686,7,https://www.goodreads.com/book/show/17190940-blank-slate,11,0
1075.0,Hello Little Girl (Hart's Ridge #10),Kay Bratt,4.58,6438,685,7,https://www.goodreads.com/book/show/208474591-hello-little-girl,11,1
1076.0,"Sex, Drugs, and Cocoa Puffs: A Low Culture Manifesto",Chuck Klosterman,3.74,73312,684,8,https://www.goodreads.com/book/show/599.Sex_Drugs_and_Cocoa_Puffs,11,0
1076.0,"The Lost World (Jurassic Park, #2)",Michael Crichton,3.88,190465,684,9,https://www.goodreads.com/book/show/8650.The_Lost_World,11,0
1076.0,Riding the Devil (Harry Bauer #15),Blake Banner,4.52,3677,684,7,https://www.goodreads.com/book/show/63264104-riding-the-devil,11,1
1079.0,Roots of To-Be Templars (The Viking's Kurdish Love #3),Widad Akreyi,4.68,59,682,7,https://www.goodreads.com/book/show/57685312-roots-of-to-be-templars,11,1
1079.0,"The Arctic Incident (Artemis Fowl, #2)",Eoin Colfer,3.96,161688,682,8,https://www.goodreads.com/book/show/114955.The_Arctic_Incident,11,3
1081.0,My Dearest Miss Fairfax,Jeanette Watts,4.21,377,681,7,https://www.goodreads.com/book/show/60576339-my-dearest-miss-fairfax,11,1
1082.0,Familiar Scars,Christy Leigh Stewart,3.99,82,680,7,https://www.goodreads.com/book/show/6550857-familiar-scars,11,1
1082.0,A Wizard of Earthsea,Ursula K. Le Guin,4.01,376050,680,8,https://www.goodreads.com/book/show/13642.A_Wizard_of_Earthsea,11,3
1082.0,"The Emperor (The Emperor, the Son and the Thief, #1)",Robert Reid,4.3,4934,680,8,https://www.goodreads.com/book/show/55624426-the-emperor,11,1
1085.0,Walden,Michael T. Dolan,3.42,391,678,7,https://www.goodreads.com/book/show/2798647-walden,11,0
1085.0,Thirteen Reasons Why,Jay Asher,3.83,1037085,678,10,https://www.goodreads.com/book/show/29844228-thirteen-reasons-why,11,3
1087.0,Heartstones,Ruth Rendell,3.68,882,677,7,https://www.goodreads.com/book/show/361615.Heartstones,11,0
1087.0,"A Real Basket Case (Claire Hanover, Gift Basket Designer, #1)",Beth Groundwater,3.53,375,677,7,https://www.goodreads.com/book/show/923993.A_Real_Basket_Case,11,0
1087.0,Watch Her Fall,Erin Kelly,3.79,3515,677,7,https://www.goodreads.com/book/show/55584194-watch-her-fall,11,0
1090.0,"The False Prince (Ascendance, #1)",Jennifer A. Nielsen,4.24,113902,676,7,https://www.goodreads.com/book/show/12432220-the-false-prince,11,3
1090.0,"Hatchet (Brian's Saga, #1)",Gary Paulsen,3.8,465294,676,8,https://www.goodreads.com/book/show/50.Hatchet,11,0
1090.0,"In a Dark, Dark Wood",Ruth Ware,3.71,411020,676,9,https://www.goodreads.com/book/show/27834600-in-a-dark-dark-wood,11,0
1093.0,"1Q84 (1Q84, #1-3)",Haruki Murakami,3.95,348965,675,9,https://www.goodreads.com/book/show/10357575-1q84,11,3
1093.0,More Than This,Patrick Ness,3.94,71197,675,8,https://www.goodreads.com/book/show/21969786-more-than-this,11,3
1093.0,"Journal 64 (Department Q, #4)",Jussi Adler-Olsen,4.07,31713,675,8,https://www.goodreads.com/book/show/10008056-journal-64,11,3
1096.0,The Trouble With Being God,William F. Aicher,3.41,97,674,7,https://www.goodreads.com/book/show/3929410-the-trouble-with-being-god,11,0
1096.0,"Shadow and Bone (Shadow and Bone, #1)",Leigh Bardugo,3.91,1150846,674,8,https://www.goodreads.com/book/show/10194157-shadow-and-bone,11,3
1098.0,Tropical Dreams,Kelly Cozzone,4.3,128,672,7,https://www.goodreads.com/book/show/13269513-tropical-dreams,11,1
1098.0,The Running Man,Richard Bachman,3.87,180680,672,8,https://www.goodreads.com/book/show/11607.The_Running_Man,11,0
1100.0,Wayward Spirits (Witches of Palmetto Point #2),Wendy Wang,4.42,7619,671,7,https://www.goodreads.com/book/show/34457591-wayward-spirits,11,1
1101.0,London Fields,Martin Amis,3.66,13840,670,7,https://www.goodreads.com/book/show/18830.London_Fields,12,0
1101.0,Confidential Communications,J.R. Reardon,3.77,87,670,7,https://www.goodreads.com/book/show/4496091-confidential-communications,12,1
1101.0,"The Pale Horse (Ariadne Oliver, #5)",Agatha Christie,3.84,34368,670,8,https://www.goodreads.com/book/show/95382.The_Pale_Horse,12,0
1101.0,Ulysses,James Joyce,3.76,141560,670,9,https://www.goodreads.com/book/show/338798.Ulysses,12,0
1101.0,Death Comes to Pemberley,P.D. James,3.3,105248,670,8,https://www.goodreads.com/book/show/12875355-death-comes-to-pemberley,12,0
1106.0,"Three Dark Crowns (Three Dark Crowns, #1)",Kendare Blake,3.78,119800,669,8,https://www.goodreads.com/book/show/28374007-three-dark-crowns,12,0
1107.0,Portnoy’s Complaint,Philip Roth,3.7,75755,667,9,https://www.goodreads.com/book/show/43945.Portnoy_s_Complaint,12,0
1108.0,"The Hate U Give (The Hate U Give, #1)",Angie Thomas,4.45,1042036,666,8,https://www.goodreads.com/book/show/32075671-the-hate-u-give,12,3
1108.0,"Dragonflight (Dragonriders of Pern, #1)",Anne McCaffrey,4.07,145951,666,8,https://www.goodreads.com/book/show/61975.Dragonflight,12,3
1108.0,Stalker Stalked,Lee Matthew Goldberg,4.1,302,666,7,https://www.goodreads.com/book/show/58553366-stalker-stalked,12,1
1111.0,"Nate Rocks the World (Nate Rocks, #1)",Karen Pokras Toz,4.09,214,665,7,https://www.goodreads.com/book/show/11929846-nate-rocks-the-world,12,1
1111.0,Dangerous Girls,Abigail Haas,4.06,26036,665,8,https://www.goodreads.com/book/show/16074758-dangerous-girls,12,3
1111.0,"Now You See Me (Lacey Flint, #1)",Sharon J. Bolton,4.04,23512,665,8,https://www.goodreads.com/book/show/9783200-now-you-see-me,12,3
1114.0,Leaving Time,Jodi Picoult,4.0,209405,664,8,https://www.goodreads.com/book/show/18816603-leaving-time,12,3
1114.0,"Days of Blood & Starlight (Daughter of Smoke & Bone, #2)",Laini Taylor,4.13,172803,664,8,https://www.goodreads.com/book/show/12812550-days-of-blood-starlight,12,3
1114.0,You Shouldn't Be Here,Lauren Thoman,3.69,11143,664,7,https://www.goodreads.com/book/show/200035241-you-shouldn-t-be-here,12,0
1117.0,"Shadowfever (Fever, #5)",Karen Marie Moning,4.39,113763,663,7,https://www.goodreads.com/book/show/7304203-shadowfever,12,3
1117.0,Cracked Hearts,Linda Masemore Pirrung,4.28,122,663,7,https://www.goodreads.com/book/show/19548967-cracked-hearts,12,1
1117.0,Deehabta’s Song,Stephen Alder,4.39,282,663,8,https://www.goodreads.com/book/show/56689230-deehabta-s-song,12,1
1120.0,Outsiders: 22 All-New Stories From the Edge,Nancy Holder,3.41,105,661,7,https://www.goodreads.com/book/show/176144.Outsiders,12,0
1120.0,The Crucible,Arthur Miller,3.61,476161,661,8,https://www.goodreads.com/book/show/17250.The_Crucible,12,0
1120.0,"Bad Luck and Trouble (Jack Reacher, #11)",Lee Child,4.22,106727,661,8,https://www.goodreads.com/book/show/108942.Bad_Luck_and_Trouble,12,3
1120.0,Sleeping Beauties,Stephen King,3.73,98121,661,8,https://www.goodreads.com/book/show/34466922-sleeping-beauties,12,0
1120.0,The Darkest Part of the Forest,Holly Black,3.86,91163,661,8,https://www.goodreads.com/book/show/20958632-the-darkest-part-of-the-forest,12,0
1125.0,"The Dark Tower (Dark Tower, #7)",Stephen King,4.29,195217,660,8,https://www.goodreads.com/book/show/5091.The_Dark_Tower,12,3
1125.0,The Yiddish Policemen's Union,Michael Chabon,3.72,81796,660,8,https://www.goodreads.com/book/show/16703.The_Yiddish_Policemen_s_Union,12,0
1127.0,"Sabriel (Abhorsen, #1)",Garth Nix,4.16,221731,658,7,https://www.goodreads.com/book/show/518848.Sabriel,12,3
1128.0,Growth of the Soil,Knut Hamsun,4.22,14529,657,8,https://www.goodreads.com/book/show/342049.Growth_of_the_Soil,12,3
1129.0,Nurtured Evil,Anthony Hulse,4.57,58,656,7,https://www.goodreads.com/book/show/23288823-nurtured-evil,12,1
1129.0,"Will Grayson, Will Grayson",John Green,3.69,415606,656,7,https://www.goodreads.com/book/show/6567017-will-grayson-will-grayson,12,0
1131.0,The Secret Life of Bees,Sue Monk Kidd,4.1,1372193,654,8,https://www.goodreads.com/book/show/37435.The_Secret_Life_of_Bees,12,3
1131.0,"Truthwitch (The Witchlands, #1)",Susan Dennard,3.84,53856,654,7,https://www.goodreads.com/book/show/21414439-truthwitch,12,0
1133.0,Sister,Rosamund Lupton,3.77,56280,653,9,https://www.goodreads.com/book/show/8196732-sister,12,0
1133.0,"Crooked Kingdom (Six of Crows, #2)",Leigh Bardugo,4.56,806200,653,9,https://www.goodreads.com/book/show/22299763-crooked-kingdom,12,3
1135.0,Explosion in Paris,Linda Masemore Pirrung,3.6,2326,652,7,https://www.goodreads.com/book/show/6447501-explosion-in-paris,12,0
1136.0,"Pretties (Uglies, #2)",Scott Westerfeld,3.83,283411,650,8,https://www.goodreads.com/book/show/24768.Pretties,12,0
1136.0,Island,Aldous Huxley,3.84,37217,650,8,https://www.goodreads.com/book/show/5130.Island,12,0
1136.0,"Children of Blood and Bone (Legacy of Orïsha, #1)",Tomi Adeyemi,4.1,258722,650,8,https://www.goodreads.com/book/show/34728667-children-of-blood-and-bone,12,3
1136.0,"The Sanatorium (Detective Elin Warner, #1)",Sarah Pearse,3.36,209583,650,8,https://www.goodreads.com/book/show/56935099-the-sanatorium,12,0
1140.0,The Nightingale,Kristin Hannah,4.65,2368573,649,7,https://www.goodreads.com/book/show/21853621-the-nightingale,12,3
1140.0,"66 Metres (Nadia Laksheva Spy Thriller, #1)",J.F. Kirwan,4.21,687,649,7,https://www.goodreads.com/book/show/31675868-66-metres,12,1
1142.0,Drink Deep from the Well of Good Intentions (The Return To Charleston Book 1),Donald Montano,4.43,203,648,8,https://www.goodreads.com/book/show/57720637-drink-deep-from-the-well-of-good-intentions,12,1
1142.0,Ring Of Love,Marion Catteral,4.44,191,648,8,https://www.goodreads.com/book/show/132515354-ring-of-love,12,1
1144.0,"Shadow Kiss (Vampire Academy, #3)",Richelle Mead,4.33,384256,647,8,https://www.goodreads.com/book/show/2802316-shadow-kiss,12,3
1144.0,What Alice Forgot,Liane Moriarty,4.07,526251,647,9,https://www.goodreads.com/book/show/6469165-what-alice-forgot,12,3
1146.0,Orchard of Skeletons,Eli Wilde,4.21,1182,646,7,https://www.goodreads.com/book/show/123000232-orchard-of-skeletons,12,1
1147.0,All the Bright Places,Jennifer Niven,4.11,643277,645,8,https://www.goodreads.com/book/show/18460392-all-the-bright-places,12,3
1148.0,Memoirs of a Geisha,Arthur Golden,4.16,2143672,644,9,https://www.goodreads.com/book/show/929.Memoirs_of_a_Geisha,12,3
1148.0,Endless Night,Agatha Christie,3.81,47660,644,8,https://www.goodreads.com/book/show/16366.Endless_Night,12,0
1150.0,"Where She Went (If I Stay, #2)",Gayle Forman,3.96,307760,643,7,https://www.goodreads.com/book/show/8492825-where-she-went,12,3
1150.0,"The Body Farm (Kay Scarpetta, #5)",Patricia Cornwell,4.08,83871,643,8,https://www.goodreads.com/book/show/6539.The_Body_Farm,12,3
1152.0,"The Last Child (Johnny Merrimon, #1)",John Hart,4.15,47090,640,7,https://www.goodreads.com/book/show/5556466-the-last-child,12,3
1152.0,"The Girl Who Takes an Eye for an Eye (Millennium, #5)",David Lagercrantz,3.8,87137,640,9,https://www.goodreads.com/book/show/32599492-the-girl-who-takes-an-eye-for-an-eye,12,0
1152.0,"Echo Burning (Jack Reacher, #5)",Lee Child,4.05,111506,640,9,https://www.goodreads.com/book/show/455930.Echo_Burning,12,3
1155.0,"Wizard and Glass (The Dark Tower, #4)",Stephen King,4.27,227194,639,7,https://www.goodreads.com/book/show/5096.Wizard_and_Glass,12,3
1156.0,Jamaica Inn,Daphne du Maurier,3.9,63865,638,9,https://www.goodreads.com/book/show/18869967-jamaica-inn,12,0
1156.0,Quidditch Through the Ages,J.K. Rowling,3.79,191261,638,8,https://www.goodreads.com/book/show/111450.Quidditch_Through_the_Ages,12,0
1158.0,"The Year of the Flood (MaddAddam, #2)",Margaret Atwood,4.07,135795,637,9,https://www.goodreads.com/book/show/6080337-the-year-of-the-flood,12,3
1158.0,"3rd Degree (Women's Murder Club, #3)",James Patterson,4.08,106010,637,7,https://www.goodreads.com/book/show/13132.3rd_Degree,12,3
1160.0,Strangers on a Train,Patricia Highsmith,3.72,40461,636,7,https://www.goodreads.com/book/show/15677.Strangers_on_a_Train,12,0
1160.0,"Less (Arthur Less, #1)",Andrew Sean Greer,3.62,231453,636,8,https://www.goodreads.com/book/show/39927096-less,12,0
1162.0,Bleak House,Charles Dickens,4.02,116703,635,7,https://www.goodreads.com/book/show/31242.Bleak_House,12,3
1162.0,Nine Perfect Strangers,Liane Moriarty,3.56,493105,635,8,https://www.goodreads.com/book/show/39280445-nine-perfect-strangers,12,0
1162.0,A Stranger in the House,Shari Lapena,3.68,183797,635,8,https://www.goodreads.com/book/show/33984056-a-stranger-in-the-house,12,0
1165.0,"Guards! Guards! (Discworld, #8; City Watch, #1)",Terry Pratchett,4.34,244951,634,8,https://www.goodreads.com/book/show/64216.Guards_Guards_,12,3
1165.0,"Dreams of Winter (A Forgotten Gods Tale, #1)",Christian Warren Freed,4.34,513,634,7,https://www.goodreads.com/book/show/38109136-dreams-of-winter,12,1
1165.0,Amazonia,James Rollins,4.15,36079,634,7,https://www.goodreads.com/book/show/294047.Amazonia,12,3
1168.0,The Bloody Chamber and Other Stories,Angela Carter,3.89,67409,633,9,https://www.goodreads.com/book/show/49011.The_Bloody_Chamber_and_Other_Stories,12,0
1168.0,Our Souls at Night,Kent Haruf,3.92,88704,633,8,https://www.goodreads.com/book/show/23602562-our-souls-at-night,12,3
1168.0,"Alice's Adventures in Wonderland (Alice's Adventures in Wonderland, #1)",Lewis Carroll,3.99,452347,633,7,https://www.goodreads.com/book/show/60671823-alice-s-adventures-in-wonderland,12,3
1168.0,Another Sunny Day,D.K. Janotta,4.54,61,633,7,https://www.goodreads.com/book/show/55897948-another-sunny-day,12,1
1172.0,"Rules of Prey (Lucas Davenport, #1)",John Sandford,4.11,96812,632,8,https://www.goodreads.com/book/show/37301.Rules_of_Prey,12,3
1173.0,"The English Assassin (Gabriel Allon, #2)",Daniel Silva,4.17,46192,631,7,https://www.goodreads.com/book/show/93795.The_English_Assassin,12,3
1173.0,"Lioness Rampant (Song of the Lioness, #4)",Tamora Pierce,4.28,94227,631,8,https://www.goodreads.com/book/show/13837.Lioness_Rampant,12,3
1175.0,"Good Omens: The Nice and Accurate Prophecies of Agnes Nutter, Witch",Terry Pratchett,4.25,845579,630,8,https://www.goodreads.com/book/show/12067.Good_Omens,12,3
1175.0,The Pelican Brief,John Grisham,4.06,454194,630,7,https://www.goodreads.com/book/show/32499.The_Pelican_Brief,12,3
1177.0,The End of Everything,Megan Abbott,3.34,16271,628,8,https://www.goodreads.com/book/show/9596460-the-end-of-everything,12,0
1178.0,Rant: An Oral Biography of Buster Casey,Chuck Palahniuk,3.85,71498,627,8,https://www.goodreads.com/book/show/22285.Rant,12,0
1179.0,Vanishing Acts,Jodi Picoult,3.73,119884,626,8,https://www.goodreads.com/book/show/14865.Vanishing_Acts,12,0
1179.0,"The Goose Girl (The Books of Bayern, #1)",Shannon Hale,4.15,149814,626,7,https://www.goodreads.com/book/show/179064.The_Goose_Girl,12,3
1179.0,Brainwalker,Robyn Mundell,4.29,10082,626,7,https://www.goodreads.com/book/show/30346601-brainwalker,12,1
1179.0,"Sworn to Silence (Kate Burkholder, #1)",Linda Castillo,4.04,54307,626,8,https://www.goodreads.com/book/show/6115138-sworn-to-silence,12,3
1183.0,"I, Claudius (Claudius, #1)",Robert Graves,4.24,75289,625,10,https://www.goodreads.com/book/show/18765.I_Claudius,12,3
1183.0,The Rainmaker,John Grisham,4.02,211775,625,8,https://www.goodreads.com/book/show/5349.The_Rainmaker,12,3
1183.0,"The Devil Colony (Sigma Force, #7)",James Rollins,4.19,28504,625,8,https://www.goodreads.com/book/show/7202829-the-devil-colony,12,3
1183.0,God’s So Great!!! It’s a Storm Without God… It’s the Perfect Journey When You Know the Name of Jesus Is Guaranteed!!!: My Life Testimony: There’s No Excuse to Not Be Who You Want to Be…,Larry Taylor,4.26,136,625,7,https://www.goodreads.com/book/show/41787334-god-s-so-great-it-s-a-storm-without-god-it-s-the-perfect-journey-whe,12,1
1183.0,"The Beekeeper's Apprentice (Mary Russell and Sherlock Holmes, #1)",Laurie R. King,4.04,89604,625,7,https://www.goodreads.com/book/show/91661.The_Beekeeper_s_Apprentice,12,3
1183.0,"Wool Omnibus (Silo, #1)",Hugh Howey,4.22,291642,625,7,https://www.goodreads.com/book/show/13453029-wool-omnibus,12,3
1189.0,"Evil Under the Sun (Hercule Poirot, #23)",Agatha Christie,3.97,93101,624,7,https://www.goodreads.com/book/show/16305.Evil_Under_the_Sun,12,3
1189.0,Local Woman Missing,Mary Kubica,4.11,844091,624,8,https://www.goodreads.com/book/show/54737068-local-woman-missing,12,3
1189.0,Addicted to Time,Steven Decker,4.27,1068,624,7,https://www.goodreads.com/book/show/123271879-addicted-to-time,12,1
1189.0,The Familiars,Stacey Halls,3.87,55983,624,7,https://www.goodreads.com/book/show/39835415-the-familiars,12,0
1193.0,House of Sand and Fog,Andre Dubus III,3.86,137440,623,8,https://www.goodreads.com/book/show/38311414-house-of-sand-and-fog,12,0
1194.0,"The Amulet of Samarkand (Bartimaeus, #1)",Jonathan Stroud,4.04,136564,622,7,https://www.goodreads.com/book/show/334123.The_Amulet_of_Samarkand,12,3
1195.0,"The Way of Kings (The Stormlight Archive, #1)",Brandon Sanderson,4.66,723398,621,7,https://www.goodreads.com/book/show/7235533-the-way-of-kings,12,3
1195.0,"Gathering Blue (Giver, #2)",Lois Lowry,3.83,215518,621,7,https://www.goodreads.com/book/show/12936.Gathering_Blue,12,0
1197.0,"The Neighbor (Detective D.D. Warren, #3)",Lisa Gardner,4.08,54143,620,7,https://www.goodreads.com/book/show/5422154-the-neighbor,12,3
1198.0,"Night Fall (John Corey, #3)",Nelson DeMille,4.15,37218,619,7,https://www.goodreads.com/book/show/40940631-night-fall,12,3
1199.0,"Moby-Dick or, The Whale",Herman Melville,3.57,634272,618,9,https://www.goodreads.com/book/show/153747.Moby_Dick_or_The_Whale,12,0
1200.0,Cat’s Cradle,Kurt Vonnegut Jr.,4.15,448692,617,9,https://www.goodreads.com/book/show/135479.Cat_s_Cradle,12,3
1200.0,I'm Just Saying: A Guide to Maintaining Civil Discourse in an Increasingly Divided World,Milan Kordestani,4.25,7540,617,7,https://www.goodreads.com/book/show/61271862-i-m-just-saying,13,1
1202.0,"Psycho (Psycho, #1)",Robert Bloch,4.13,80895,616,7,https://www.goodreads.com/book/show/156427.Psycho,13,3
1203.0,"The 5th Wave (The 5th Wave, #1)",Rick Yancey,4.0,485301,615,8,https://www.goodreads.com/book/show/16101128-the-5th-wave,13,3
1204.0,The Room,Hubert Selby Jr.,3.7,6714,614,7,https://www.goodreads.com/book/show/50274.The_Room,13,0
1204.0,"The Miniaturist (The Miniaturist, #1)",Jessie Burton,3.62,155625,614,8,https://www.goodreads.com/book/show/18498569-the-miniaturist,13,0
1204.0,"Abraham Lincoln: Vampire Hunter (Abraham Lincoln: Vampire Hunter, #1)",Seth Grahame-Smith,3.72,139555,614,8,https://www.goodreads.com/book/show/7108001-abraham-lincoln,13,0
1204.0,"God Is the Cure, Love Is the Answer: A Memoir",Aimee Cabo Nikolov,4.3,17056,614,7,https://www.goodreads.com/book/show/64653012-god-is-the-cure-love-is-the-answer,13,3
1208.0,"Open Season (Joe Pickett, #1)",C.J. Box,4.01,62782,613,8,https://www.goodreads.com/book/show/244102.Open_Season,13,3
1209.0,Time's Arrow,Martin Amis,3.76,18472,612,8,https://www.goodreads.com/book/show/23031.Time_s_Arrow,13,0
1209.0,"Elephants Can Remember (Hercule Poirot, #42)",Agatha Christie,3.66,51603,612,7,https://www.goodreads.com/book/show/148584.Elephants_Can_Remember,13,0
1211.0,A Severed Head,Iris Murdoch,3.75,7150,611,7,https://www.goodreads.com/book/show/11253.A_Severed_Head,13,0
1211.0,"Pray for Silence (Kate Burkholder, #2)",Linda Castillo,4.01,33113,611,7,https://www.goodreads.com/book/show/7315153-pray-for-silence,13,3
1213.0,"The Name of the Wind (The Kingkiller Chronicle, #1)",Patrick Rothfuss,4.52,1117607,609,8,https://www.goodreads.com/book/show/186074.The_Name_of_the_Wind,13,3
1214.0,"Seraphina (Seraphina, #1)",Rachel Hartman,3.94,90004,608,7,https://www.goodreads.com/book/show/19549841-seraphina,13,3
1215.0,The Rum Diary,Hunter S. Thompson,3.85,67451,607,7,https://www.goodreads.com/book/show/18864.The_Rum_Diary,13,0
1215.0,"Personal (Jack Reacher, #19)",Lee Child,3.99,86520,607,7,https://www.goodreads.com/book/show/20263040-personal,13,3
1215.0,"Clouds of Witness (Lord Peter Wimsey, #2)",Dorothy L. Sayers,3.97,26433,607,7,https://www.goodreads.com/book/show/192888.Clouds_of_Witness,13,3
1218.0,Murder O'Clock (Inspector Bee Thrillers Book 2),Phil Hall,4.43,257,606,7,https://www.goodreads.com/book/show/177619743-murder-o-clock,13,1
1219.0,"City of Heavenly Fire (The Mortal Instruments, #6)",Cassandra Clare,4.38,423869,604,8,https://www.goodreads.com/book/show/8755785-city-of-heavenly-fire,13,3
1219.0,The Silent Wife,A.S.A. Harrison,3.28,120357,604,8,https://www.goodreads.com/book/show/16171291-the-silent-wife,13,0
1219.0,Bad Blood: Secrets and Lies in a Silicon Valley Startup,John Carreyrou,4.4,288786,604,7,https://www.goodreads.com/book/show/37976541-bad-blood,13,3
1222.0,"American Pastoral (The American Trilogy, #1)",Philip Roth,3.95,91325,603,7,https://www.goodreads.com/book/show/11650.American_Pastoral,13,3
1222.0,"The Keepsake (Rizzoli & Isles, #7)",Tess Gerritsen,4.12,50292,603,7,https://www.goodreads.com/book/show/2653622-the-keepsake,13,3
1222.0,The Complete Stories and Poems,Edgar Allan Poe,4.4,300788,603,7,https://www.goodreads.com/book/show/23919.The_Complete_Stories_and_Poems,13,3
1222.0,Rock Paper Scissors,Alice Feeney,3.86,822738,603,7,https://www.goodreads.com/book/show/56269064-rock-paper-scissors,13,3
1222.0,"The Girl In The Toile Wallpaper (The Star Writers Trilogy, #1)",Mary K. Savarese,4.26,516,603,7,https://www.goodreads.com/book/show/58913233-the-girl-in-the-toile-wallpaper,13,1
1227.0,"A Trick of the Light (Chief Inspector Armand Gamache, #7)",Louise Penny,4.32,93347,602,9,https://www.goodreads.com/book/show/10680329-a-trick-of-the-light,13,3
1228.0,"Kidnapped Hearts (Band of Friends, #1)",Cait Jarrod,4.02,50,600,6,https://www.goodreads.com/book/show/17449049-kidnapped-hearts,13,1
1228.0,The Female of the Species,Mindy McGinnis,4.13,39597,600,7,https://www.goodreads.com/book/show/25812109-the-female-of-the-species,13,3
1228.0,Angel Maker,Barry B. Wright,4.7,23,600,6,https://www.goodreads.com/book/show/55964157-angel-maker,13,1
1228.0,Paper Targets: Art Can Be Murder,Steve S. Saroff,4.12,421,600,6,https://www.goodreads.com/book/show/62619183-paper-targets,13,1
1228.0,Streetlight People,Charlene Thomas,3.84,247,600,6,https://www.goodreads.com/book/show/207682242-streetlight-people,13,1
1233.0,"Witch in the Woods (Witch in the Woods, #1)",Taylor Ann Bunker,4.12,232,599,6,https://www.goodreads.com/book/show/19464292-witch-in-the-woods,13,1
1233.0,Angels at the Gate,T.K. Thorne,4.22,158,599,6,https://www.goodreads.com/book/show/23231687-angels-at-the-gate,13,1
1233.0,The Thousand Autumns of Jacob de Zoet,David Mitchell,4.03,68769,599,7,https://www.goodreads.com/book/show/7141642-the-thousand-autumns-of-jacob-de-zoet,13,3
1233.0,When You Reach Me,Rebecca Stead,4.08,118657,599,7,https://www.goodreads.com/book/show/5310515-when-you-reach-me,13,3
1233.0,Think Fast or Die,Simon W. Clark,4.13,146,599,6,https://www.goodreads.com/book/show/48678296-think-fast-or-die,13,1
1233.0,River Walk Murder: A Nick Fischer Novel,G.D. Obermiller,4.8,234,599,6,https://www.goodreads.com/book/show/235006254-river-walk-murder,13,1
1239.0,"A Job From Hell (Ancient Legends, #1)",Jayde Scott,3.57,8349,598,6,https://www.goodreads.com/book/show/11267847-a-job-from-hell,13,0
1239.0,Hunting Annabelle,Wendy Heard,3.51,2404,598,6,https://www.goodreads.com/book/show/35612376-hunting-annabelle,13,0
1239.0,"Silent in the Grave (Lady Julia Grey, #1)",Deanna Raybourn,3.91,28216,598,7,https://www.goodreads.com/book/show/267869.Silent_in_the_Grave,13,0
1242.0,"Clearly's Corruption (Witch In The Woods, #2)",Taylor Ann Bunker,4.43,42,597,6,https://www.goodreads.com/book/show/22404111-clearly-s-corruption,13,1
1242.0,"When Will There Be Good News? (Jackson Brodie, #3)",Kate Atkinson,4.0,54614,597,8,https://www.goodreads.com/book/show/3289281-when-will-there-be-good-news,13,3
1244.0,"Outside (Outside, #1)",Shalini Boland,3.45,3264,596,6,https://www.goodreads.com/book/show/10863979-outside,13,0
1244.0,The Terminal Connection,Dan Needles,3.65,147,596,6,https://www.goodreads.com/book/show/20647357-the-terminal-connection,13,0
1244.0,The Ocean at the End of the Lane,Neil Gaiman,4.01,666084,596,7,https://www.goodreads.com/book/show/15783514-the-ocean-at-the-end-of-the-lane,13,3
1244.0,"Perception of Life (Perception, #1)",Shandi Boyes,4.16,687,596,6,https://www.goodreads.com/book/show/31186452-perception-of-life,13,1
1244.0,All the Light We Cannot See,Anthony Doerr,4.3,2065979,596,8,https://www.goodreads.com/book/show/18143977-all-the-light-we-cannot-see,13,3
1244.0,"Fallen (Will Trent, #5)",Karin Slaughter,4.22,83058,596,7,https://www.goodreads.com/book/show/9635495-fallen,13,3
1244.0,No One Aboard,Emy McGuire,3.44,1134,596,6,https://www.goodreads.com/book/show/222818674-no-one-aboard,13,0
1251.0,"Guardian of Time (The Prophecies, #2)",Linda Hawley,4.13,167,595,6,https://www.goodreads.com/book/show/12969423-guardian-of-time,13,1
1251.0,Palette of Love,Ashok Kallarakkal,4.05,19,595,6,https://www.goodreads.com/book/show/18715583-palette-of-love,13,1
1251.0,Black Lies,Alessandra Torre,4.25,31935,595,6,https://www.goodreads.com/book/show/22471294-black-lies,13,3
1251.0,"Orphan X (Orphan X, #1)",Gregg Hurwitz,4.14,58972,595,7,https://www.goodreads.com/book/show/40874079-orphan-x,13,3
1251.0,"The Black Cauldron (The Chronicles of Prydain, #2)",Lloyd Alexander,4.12,67817,595,7,https://www.goodreads.com/book/show/24784.The_Black_Cauldron,13,3
1256.0,"Pigs in Heaven (Greer Family, #2)",Barbara Kingsolver,4.03,70589,594,7,https://www.goodreads.com/book/show/14250.Pigs_in_Heaven,13,3
1256.0,"Dark Sacred Night (Renée Ballard, #2; Harry Bosch, #21; Harry Bosch Universe, #32)",Michael Connelly,4.18,87293,594,8,https://www.goodreads.com/book/show/38204677-dark-sacred-night,13,3
1258.0,"Princess Academy (Princess Academy, #1)",Shannon Hale,4.04,123443,593,7,https://www.goodreads.com/book/show/85990.Princess_Academy,13,3
1259.0,Suvashun,Simin Daneshvar,3.94,10304,592,6,https://www.goodreads.com/book/show/46270.Suvashun,13,0
1259.0,Moon Palace,Paul Auster,3.98,30416,592,7,https://www.goodreads.com/book/show/447.Moon_Palace,13,3
1259.0,"Ninth House (Ninth House Trilogy, #1)",Leigh Bardugo,4.0,421675,592,7,https://www.goodreads.com/book/show/43263680-ninth-house,13,3
1262.0,"Scent of a White Rose (The Rose Trilogy, #1)",Tish Thawer,3.66,344,591,6,https://www.goodreads.com/book/show/12608870-scent-of-a-white-rose,13,0
1262.0,"Dreams Unleashed (The Prophecies, #1)",Linda Hawley,3.65,303,591,6,https://www.goodreads.com/book/show/11423197-dreams-unleashed,13,0
1262.0,Intensity,Dean Koontz,4.03,96299,591,7,https://www.goodreads.com/book/show/32439.Intensity,13,3
1262.0,"A Morbid Taste for Bones (Chronicles of Brother Cadfael, #1)",Ellis Peters,3.96,45732,591,7,https://www.goodreads.com/book/show/321545.A_Morbid_Taste_for_Bones,13,3
1266.0,Invisible,Paul Auster,3.75,23877,589,7,https://www.goodreads.com/book/show/6345193-invisible,13,0
1267.0,"Lonesome Dove (Lonesome Dove, #1)",Larry McMurtry,4.6,284431,588,8,https://www.goodreads.com/book/show/256008.Lonesome_Dove,13,3
1267.0,"The Ice Princess (Fjällbacka, #1)",Camilla Läckberg,3.76,92140,588,7,https://www.goodreads.com/book/show/7058405-the-ice-princess,13,0
1267.0,Odin (Alex Mason #1),David Archer,4.16,14559,588,6,https://www.goodreads.com/book/show/59014545-odin,13,3
1270.0,"The Eight (The Eight, #1)",Katherine Neville,3.93,47412,587,7,https://www.goodreads.com/book/show/113310.The_Eight,13,3
1271.0,The First Fifteen Lives of Harry August,Claire North,4.03,103921,586,7,https://www.goodreads.com/book/show/35066358-the-first-fifteen-lives-of-harry-august,13,3
1272.0,Long Way Home (Jack McNeal #2),J.B. Turner,4.23,6394,585,6,https://www.goodreads.com/book/show/61654386-long-way-home,13,1
1273.0,"Gaudy Night (Lord Peter Wimsey, #12)",Dorothy L. Sayers,4.19,33032,584,8,https://www.goodreads.com/book/show/93575.Gaudy_Night,13,3
1273.0,"A Murder Is Announced (Miss Marple, #4)",Agatha Christie,4.01,90537,584,7,https://www.goodreads.com/book/show/16298.A_Murder_Is_Announced,13,3
1273.0,"Force of Nature (Aaron Falk, #2)",Jane Harper,3.83,128089,584,7,https://www.goodreads.com/book/show/34275222-force-of-nature,13,0
1276.0,"Eon: Dragoneye Reborn (Eon, #1)",Alison Goodman,3.96,63130,583,7,https://www.goodreads.com/book/show/2986865-eon,13,3
1276.0,Love Auction II: Love Designs,Sharon Carter,4.39,536,583,8,https://www.goodreads.com/book/show/60670845-love-auction-ii,13,1
1276.0,"In the Blood (Terminal List, #5)",Jack Carr,4.49,29443,583,6,https://www.goodreads.com/book/show/58438630-in-the-blood,13,3
1276.0,What WE Lost: Inside The Attack on Canada’s Largest Children’s Charity,Tawfiq S. Rangwala,4.31,725,583,7,https://www.goodreads.com/book/show/59128861-what-we-lost,13,1
1280.0,Let Me Call You Sweetheart,Mary Higgins Clark,3.91,25205,582,7,https://www.goodreads.com/book/show/170632.Let_Me_Call_You_Sweetheart,13,0
1280.0,An Anonymous Girl,Greer Hendricks,3.79,185502,582,8,https://www.goodreads.com/book/show/39863515-an-anonymous-girl,13,0
1280.0,"Glorious Christmas (The Serve, #7)",Cece Whittaker,4.18,230,582,6,https://www.goodreads.com/book/show/56061480-glorious-christmas,13,1
1280.0,No Country for Old Men,Cormac McCarthy,4.17,267848,582,7,https://www.goodreads.com/book/show/12497.No_Country_for_Old_Men,13,3
1284.0,Heavy Duty People (Brethren Trilogy #1),Iain Parke,4.02,319,581,6,https://www.goodreads.com/book/show/13818476-heavy-duty-people,13,1
1284.0,The Storyteller,Jodi Picoult,4.3,286624,581,7,https://www.goodreads.com/book/show/15753740-the-storyteller,13,3
1284.0,The Adventures of Tom Sawyer,Mark Twain,3.92,1044263,581,8,https://www.goodreads.com/book/show/24583.The_Adventures_of_Tom_Sawyer,13,3
1284.0,Eight Perfect Murders,Peter Swanson,3.62,99527,581,7,https://www.goodreads.com/book/show/52225186-eight-perfect-murders,13,0
1288.0,"The Bitter Past (Porter Beck, #1)",Bruce Borgos,4.02,2868,580,6,https://www.goodreads.com/book/show/61884882-the-bitter-past,13,1
1288.0,The Cloisters,Katy Hays,3.39,75185,580,6,https://www.goodreads.com/book/show/61054804-the-cloisters,13,0
1290.0,"Blindsighted (Grant County, #1)",Karin Slaughter,4.1,131518,578,7,https://www.goodreads.com/book/show/21718.Blindsighted,13,3
1290.0,"The Hangman's Daughter (The Hangman's Daughter, #1)",Oliver Pötzsch,3.76,79563,578,7,https://www.goodreads.com/book/show/9496240-the-hangman-s-daughter,13,0
1290.0,"A Court of Mist and Fury (A Court of Thorns and Roses, #2)",Sarah J. Maas,4.63,3465179,578,7,https://www.goodreads.com/book/show/50659468-a-court-of-mist-and-fury,13,3
1293.0,The Children of Húrin,J.R.R. Tolkien,4.06,96541,577,7,https://www.goodreads.com/book/show/597790.The_Children_of_H_rin,13,3
1294.0,"A Faint Cold Fear (Grant County, #3)",Karin Slaughter,4.02,68746,576,7,https://www.goodreads.com/book/show/21721.A_Faint_Cold_Fear,13,3
1295.0,"Cold Days (The Dresden Files, #14)",Jim Butcher,4.47,108887,575,7,https://www.goodreads.com/book/show/12216302-cold-days,13,3
1295.0,The House in the Pines,Ana Reyes,3.09,205911,575,6,https://www.goodreads.com/book/show/61251242-the-house-in-the-pines,13,0
1297.0,Half-Built Houses,E P Keller,3.79,1304,574,6,https://www.goodreads.com/book/show/34619791-half-built-houses,13,0
1298.0,Dire Wolf of the Quapaw: a Jubal Smoak Mystery (Jubal Smoak Mysteries Book 1),Phil Truman,4.3,1275,573,6,https://www.goodreads.com/book/show/43225646-dire-wolf-of-the-quapaw,13,1
1299.0,"Smiley's People (George Smiley, #7; Karla Trilogy, #3)",John le Carré,4.3,43184,572,7,https://www.goodreads.com/book/show/18999.Smiley_s_People,13,3
1300.0,"The Summoning (Darkest Powers, #1)",Kelley Armstrong,4.02,177798,571,8,https://www.goodreads.com/book/show/2800905-the-summoning,13,3
1300.0,"Dead to the World (Sookie Stackhouse, #4)",Charlaine Harris,4.12,269080,571,7,https://www.goodreads.com/book/show/140077.Dead_to_the_World,14,3
1300.0,Last Vote (Emma Last FBI Mystery #10),Mary Stone,4.61,2915,571,6,https://www.goodreads.com/book/show/210205263-last-vote,14,1
1303.0,"Crescendo (Hush, Hush, #2)",Becca Fitzpatrick,3.97,340749,570,7,https://www.goodreads.com/book/show/7791997-crescendo,14,3
1303.0,Bring Me Back,B.A. Paris,3.49,134988,570,7,https://www.goodreads.com/book/show/36448554-bring-me-back,14,0
1303.0,"The Widow (Kate Waters, #1)",Fiona Barton,3.49,121434,570,7,https://www.goodreads.com/book/show/25734248-the-widow,14,0
1306.0,"The Sinner (Rizzoli & Isles, #3)",Tess Gerritsen,4.14,65742,569,8,https://www.goodreads.com/book/show/32257.The_Sinner,14,3
1306.0,"Persuader (Jack Reacher, #7)",Lee Child,4.15,107962,569,7,https://www.goodreads.com/book/show/455941.Persuader,14,3
1308.0,La Cucaracha,Chloe Jarren,4.17,6,568,6,https://www.goodreads.com/book/show/6086638-la-cucaracha,14,1
1308.0,"Beholden (Marlowe Black Mystery, #1)",Gabriel F.W. Koch,4.29,924,568,6,https://www.goodreads.com/book/show/36747772-beholden,14,1
1310.0,"Dark Island (Orkney Mysteries, #1)",Daniel Aubrey,4.03,1641,567,6,https://www.goodreads.com/book/show/200851668-dark-island,14,1
1311.0,"Make Me (Jack Reacher, #20)",Lee Child,4.02,86669,566,7,https://www.goodreads.com/book/show/23664710-make-me,14,3
1311.0,The Turnout,Megan Abbott,3.11,24630,566,6,https://www.goodreads.com/book/show/55573785-the-turnout,14,0
1313.0,"Untamed (House of Night, #4)",P.C. Cast,3.94,246923,565,7,https://www.goodreads.com/book/show/2866718-untamed,14,3
1314.0,The Inmate,Freida McFadden,3.99,1205933,564,6,https://www.goodreads.com/book/show/61149872-the-inmate,14,3
1315.0,"Neverwhere (London Below, #1)",Neil Gaiman,4.16,568800,562,8,https://www.goodreads.com/book/show/14497.Neverwhere,14,3
1315.0,The Bone Garden,Tess Gerritsen,4.07,35496,562,7,https://www.goodreads.com/book/show/1430213.The_Bone_Garden,14,3
1315.0,The Lost Apothecary,Sarah Penner,3.76,523426,562,6,https://www.goodreads.com/book/show/53288434-the-lost-apothecary,14,0
1318.0,"Graceling (Graceling Realm, #1)",Kristin Cashore,4.06,484405,561,6,https://www.goodreads.com/book/show/3236307-graceling,14,3
1318.0,The Ballerinas,Rachel Kapelke-Dale,3.44,12033,561,6,https://www.goodreads.com/book/show/56268810-the-ballerinas,14,0
1320.0,Julius Caesar,William Shakespeare,3.71,225653,560,6,https://www.goodreads.com/book/show/13006.Julius_Caesar,14,0
1320.0,"Vision to Reality: Stop Working, Start Living",Curtis L. Jenkins,4.31,5283,560,6,https://www.goodreads.com/book/show/61374668-vision-to-reality,14,1
1322.0,Madame Bovary,Gustave Flaubert,3.71,389156,558,7,https://www.goodreads.com/book/show/2175.Madame_Bovary,14,0
1322.0,A Slow Fire Burning,Paula Hawkins,3.5,184824,558,6,https://www.goodreads.com/book/show/56213354-a-slow-fire-burning,14,0
1322.0,The Cousins,Karen M. McManus,3.76,151524,558,7,https://www.goodreads.com/book/show/49757149-the-cousins,14,0
1322.0,"""Look Here, Sir, What a Curious Bird"": Searching for Ali, Alfred Russel Wallace's Faithful Companion",Paul Spencer Sochaczewski,4.3,758,558,7,https://www.goodreads.com/book/show/184038287-look-here-sir-what-a-curious-bird,14,1
1326.0,Waiting for Godot,Samuel Beckett,3.84,228502,557,7,https://www.goodreads.com/book/show/17716.Waiting_for_Godot,14,0
1326.0,"The Luxe (Luxe, #1)",Anna Godbersen,3.65,74686,557,7,https://www.goodreads.com/book/show/1254951.The_Luxe,14,0
1326.0,The Lacuna,Barbara Kingsolver,3.83,76431,557,6,https://www.goodreads.com/book/show/6433752-the-lacuna,14,0
1326.0,"Tithe (Modern Faerie Tales, #1)",Holly Black,3.68,110405,557,7,https://www.goodreads.com/book/show/46777.Tithe,14,0
1330.0,"Heat Wave (Nikki Heat, #1)",Richard Castle,3.58,68572,556,7,https://www.goodreads.com/book/show/6566722-heat-wave,14,0
1331.0,Stepping Beyond Intention,Daniel Mangena,4.29,104,554,6,https://www.goodreads.com/book/show/41574189-stepping-beyond-intention,14,1
1331.0,"The Coffin Dancer (Lincoln Rhyme, #2)",Jeffery Deaver,4.16,56424,554,7,https://www.goodreads.com/book/show/227729.The_Coffin_Dancer,14,3
1331.0,"Packfire (Simon Pack, #9)",John M. Vermillion,4.33,376,554,6,https://www.goodreads.com/book/show/56040881-packfire,14,1
1334.0,We Have Always Lived in the Castle,Shirley Jackson,3.9,317519,553,8,https://www.goodreads.com/book/show/89724.We_Have_Always_Lived_in_the_Castle,14,3
1334.0,The Dharma Bums,Jack Kerouac,3.93,103715,553,6,https://www.goodreads.com/book/show/412732.The_Dharma_Bums,14,3
1334.0,And the Mountains Echoed,Khaled Hosseini,4.08,416510,553,6,https://www.goodreads.com/book/show/16115612-and-the-mountains-echoed,14,3
1334.0,"Crossed (Matched, #2)",Ally Condie,3.52,262138,553,6,https://www.goodreads.com/book/show/15812814-crossed,14,0
1334.0,The Ascension of Mary,William West,4.49,129,553,6,https://www.goodreads.com/book/show/59235511-the-ascension-of-mary,14,1
1339.0,"Something Rotten (Thursday Next, #4)",Jasper Fforde,4.16,36375,552,6,https://www.goodreads.com/book/show/26999.Something_Rotten,14,3
1340.0,"The Ruins of Gorlan (Ranger's Apprentice, #1)",John Flanagan,4.26,180460,551,7,https://www.goodreads.com/book/show/60400.The_Ruins_of_Gorlan,14,3
1340.0,"The Silver Chair (Chronicles of Narnia, #4)",C.S. Lewis,3.95,340704,551,7,https://www.goodreads.com/book/show/65641.The_Silver_Chair,14,3
1340.0,"The Fall of the Phoenix (Heroes of Troy, #1)",Daniel Kelly,4.4,298,551,6,https://www.goodreads.com/book/show/41715111-the-fall-of-the-phoenix,14,1
1343.0,Beach Road,James Patterson,3.85,39264,550,6,https://www.goodreads.com/book/show/85733.Beach_Road,14,0
1343.0,"The Innocent (Will Robie, #1)",David Baldacci,4.19,124567,550,7,https://www.goodreads.com/book/show/12849385-the-innocent,14,3
1343.0,Dear Barack: The Extraordinary Partnership of Barack Obama and Angela Merkel,Claudia Clark,4.27,5812,550,6,https://www.goodreads.com/book/show/58480569-dear-barack,14,1
1346.0,The Good Guy,Dean Koontz,3.87,40254,549,6,https://www.goodreads.com/book/show/32441.The_Good_Guy,14,0
1346.0,Lightning,Dean Koontz,4.09,66308,549,6,https://www.goodreads.com/book/show/32424.Lightning,14,3
1346.0,Save Yourself,Kelly Braffet,3.48,3936,549,7,https://www.goodreads.com/book/show/16142105-save-yourself,14,0
1349.0,Let the Great World Spin,Colum McCann,3.96,111885,548,6,https://www.goodreads.com/book/show/5941033-let-the-great-world-spin,14,3
1350.0,"Without Remorse (John Clark, #1; Jack Ryan Universe Publication Order, #6)",Tom Clancy,4.22,78402,547,6,https://www.goodreads.com/book/show/19668.Without_Remorse,14,3
1351.0,Lost in the Crowd,M.J. Santley,4.35,174,546,6,https://www.goodreads.com/book/show/40219600-lost-in-the-crowd,14,1
1351.0,The Turn of the Screw,Henry James,3.38,187515,546,7,https://www.goodreads.com/book/show/12948.The_Turn_of_the_Screw,14,0
1351.0,The Seal Cove Theoretical Society,S.W. Clemens,4.32,492,546,6,https://www.goodreads.com/book/show/55062111-the-seal-cove-theoretical-society,14,1
1351.0,The Last Ark: Lost Secrets of Qumran (SNO Chronicles),Guy Morris,4.4,319,546,6,https://www.goodreads.com/book/show/61659515-the-last-ark,14,1
1355.0,Seabiscuit: An American Legend,Laura Hillenbrand,4.23,170799,545,7,https://www.goodreads.com/book/show/110737.Seabiscuit,14,3
1355.0,"The Fifth Season (The Broken Earth, #1)",N.K. Jemisin,4.28,353440,545,7,https://www.goodreads.com/book/show/19161852-the-fifth-season,14,3
1357.0,Hunger,Knut Hamsun,4.03,68360,544,7,https://www.goodreads.com/book/show/32585.Hunger,14,3
1357.0,"Broken (Will Trent, #4)",Karin Slaughter,4.16,88024,544,6,https://www.goodreads.com/book/show/7093222-broken,14,3
1359.0,Beneath a Scarlet Sky,Mark T. Sullivan,4.44,409031,543,7,https://www.goodreads.com/book/show/32487617-beneath-a-scarlet-sky,14,3
1360.0,The Hunchback of Notre-Dame,Victor Hugo,4.02,224848,542,6,https://www.goodreads.com/book/show/30597.The_Hunchback_of_Notre_Dame,14,3
1361.0,"Ptolemy's Gate (Bartimaeus, #3)",Jonathan Stroud,4.28,90968,541,6,https://www.goodreads.com/book/show/59264.Ptolemy_s_Gate,14,3
1361.0,"Five Little Pigs (Hercule Poirot, #24)",Agatha Christie,4.03,98700,541,7,https://www.goodreads.com/book/show/121648.Five_Little_Pigs,14,3
1361.0,The Yellow Wall-Paper,Charlotte Perkins Gilman,4.06,385803,541,8,https://www.goodreads.com/book/show/286957.The_Yellow_Wall_Paper,14,3
1361.0,Magnolias in Paradise,Leonard Seet,3.76,1834,541,6,https://www.goodreads.com/book/show/32316602-magnolias-in-paradise,14,0
1365.0,"A Clash of Kings (A Song of Ice and Fire, #2)",George R.R. Martin,4.42,1049934,540,6,https://www.goodreads.com/book/show/10572.A_Clash_of_Kings,14,3
1365.0,Die Therapie,Sebastian Fitzek,4.15,52564,540,6,https://www.goodreads.com/book/show/331653.Die_Therapie,14,3
1365.0,"The Firm (The Firm, #1)",John Grisham,4.25,124635,540,7,https://www.goodreads.com/book/show/452235.The_Firm,14,3
1365.0,"Heist Society (Heist Society, #1)",Ally Carter,3.91,95689,540,7,https://www.goodreads.com/book/show/6574102-heist-society,14,3
1369.0,"The Hand on the Wall (Truly Devious, #3)",Maureen Johnson,4.11,98024,539,6,https://www.goodreads.com/book/show/45240918-the-hand-on-the-wall,14,3
1370.0,"Pursuit of Honor (Mitch Rapp, #12)",Vince Flynn,4.36,47549,538,6,https://www.goodreads.com/book/show/6339304-pursuit-of-honor,14,3
1370.0,The Thorn Birds,Colleen McCullough,4.25,370017,538,7,https://www.goodreads.com/book/show/3412.The_Thorn_Birds,14,3
1370.0,A Fine Balance,Rohinton Mistry,4.38,164751,538,7,https://www.goodreads.com/book/show/5211.A_Fine_Balance,14,3
1370.0,The Luminaries,Eleanor Catton,3.75,87503,538,6,https://www.goodreads.com/book/show/17333230-the-luminaries,14,0
1370.0,The City & the City,China Miéville,3.89,82438,538,6,https://www.goodreads.com/book/show/4703581-the-city-the-city,14,0
1375.0,The Unexpected Guest: A Play In Two Acts,Agatha Christie,3.83,6027,537,6,https://www.goodreads.com/book/show/16336.The_Unexpected_Guest,14,0
1375.0,Into the Arms of Madness,Regina Pacelli,3.2,151,537,6,https://www.goodreads.com/book/show/15752114-into-the-arms-of-madness,14,0
1375.0,Alice in Wonderland,Jane Carruth,4.03,397901,537,7,https://www.goodreads.com/book/show/13023.Alice_in_Wonderland,14,3
1375.0,"The Hypnotist (Joona Linna, #1)",Lars Kepler,3.75,77241,537,7,https://www.goodreads.com/book/show/9835731-the-hypnotist,14,0
1375.0,"The Diviners (The Diviners, #1)",Libba Bray,3.93,102550,537,7,https://www.goodreads.com/book/show/7728889-the-diviners,14,3
1380.0,The Invention of Hugo Cabret,Brian Selznick,4.22,191513,536,6,https://www.goodreads.com/book/show/9673436-the-invention-of-hugo-cabret,14,3
1380.0,Six Days of the Condor,James Grady,4.07,19715,536,7,https://www.goodreads.com/book/show/2579284-six-days-of-the-condor,14,3
1380.0,The Awakening: Fate in Motion,Suzanne Boisvert,4.23,1102,536,6,https://www.goodreads.com/book/show/41423092-the-awakening,14,1
1383.0,"A Deadly Education (The Scholomance, #1)",Naomi Novik,3.93,231988,535,6,https://www.goodreads.com/book/show/50548197-a-deadly-education,14,3
1384.0,"Definitely Dead (Sookie Stackhouse, #6)",Charlaine Harris,4.02,212927,534,6,https://www.goodreads.com/book/show/140079.Definitely_Dead,14,3
1385.0,"The City of Ember (Book of Ember, #1)",Jeanne DuPrau,3.9,304004,533,7,https://www.goodreads.com/book/show/307791.The_City_of_Ember,14,3
1385.0,"Flaggermusmannen (Harry Hole, #1)",Jo Nesbø,3.55,137113,533,6,https://www.goodreads.com/book/show/1991039.Flaggermusmannen,14,0
1385.0,Arminius and Thusnelda Versus Rome,Michael G. Kramer,4.34,2652,533,6,https://www.goodreads.com/book/show/57640572-arminius-and-thusnelda-versus-rome,14,1
1385.0,"Glory in Death (In Death, #2)",J.D. Robb,4.27,74709,533,10,https://www.goodreads.com/book/show/268601.Glory_in_Death,14,3
1389.0,A Midsummer Night’s Dream,William Shakespeare,3.94,592883,532,8,https://www.goodreads.com/book/show/1622.A_Midsummer_Night_s_Dream,14,3
1389.0,"City of Lost Souls (The Mortal Instruments, #5)",Cassandra Clare,4.2,575921,532,7,https://www.goodreads.com/book/show/8755776-city-of-lost-souls,14,3
1389.0,"A Study in Charlotte (Charlotte Holmes, #1)",Brittany Cavallaro,3.74,67245,532,6,https://www.goodreads.com/book/show/23272028-a-study-in-charlotte,14,0
1389.0,The Secret Garden,Frances Hodgson Burnett,4.17,1336561,532,7,https://www.goodreads.com/book/show/2998.The_Secret_Garden,14,3
1389.0,Sphere,Michael Crichton,3.84,202644,532,6,https://www.goodreads.com/book/show/455373.Sphere,14,0
1389.0,An Unwanted Guest,Shari Lapena,3.74,168375,532,7,https://www.goodreads.com/book/show/38240386-an-unwanted-guest,14,0
1395.0,From the Mixed-up Files of Mrs. Basil E. Frankweiler,E.L. Konigsburg,4.16,222116,531,6,https://www.goodreads.com/book/show/3980.From_the_Mixed_up_Files_of_Mrs_Basil_E_Frankweiler,14,3
1395.0,The Accidental Tourist,Anne Tyler,3.89,110223,531,6,https://www.goodreads.com/book/show/60792.The_Accidental_Tourist,14,0
1395.0,Starship Troopers,Robert A. Heinlein,4.0,251818,531,6,https://www.goodreads.com/book/show/17214.Starship_Troopers,14,3
1395.0,The Witches,Roald Dahl,4.18,437460,531,6,https://www.goodreads.com/book/show/6327.The_Witches,14,3
1395.0,A Doll's House,Henrik Ibsen,3.77,169963,531,7,https://www.goodreads.com/book/show/37793.A_Doll_s_House,14,0
1400.0,World War Z: An Oral History of the Zombie War,Max Brooks,4.02,580430,530,6,https://www.goodreads.com/book/show/8908.World_War_Z,14,3
1400.0,Daisy Jones & The Six,Taylor Jenkins Reid,4.19,1946193,530,7,https://www.goodreads.com/book/show/40597810-daisy-jones-the-six,15,3
1402.0,"Gorky Park (Arkady Renko, #1)",Martin Cruz Smith,4.04,70869,528,7,https://www.goodreads.com/book/show/762806.Gorky_Park,15,3
1402.0,"Pretty Little Liars (Pretty Little Liars, #1)",Sara Shepard,3.84,216892,528,7,https://www.goodreads.com/book/show/162085.Pretty_Little_Liars,15,0
1402.0,"Conspiracy in Death (In Death, #8)",J.D. Robb,4.37,44154,528,8,https://www.goodreads.com/book/show/172691.Conspiracy_in_Death,15,3
1402.0,"Jackaby (Jackaby, #1)",William Ritter,3.83,32846,528,7,https://www.goodreads.com/book/show/20312462-jackaby,15,0
1406.0,"The Pox Party (The Astonishing Life of Octavian Nothing, Traitor to the Nation, #1)",M.T. Anderson,3.55,16191,527,6,https://www.goodreads.com/book/show/169762.The_Pox_Party,15,0
1406.0,"G is for Gumshoe (Kinsey Millhone, #7)",Sue Grafton,3.96,40633,527,7,https://www.goodreads.com/book/show/257990.G_is_for_Gumshoe,15,3
1408.0,Company of Liars,Karen Maitland,3.87,17253,525,7,https://www.goodreads.com/book/show/2761171-company-of-liars,15,0
1408.0,The President Is Missing,Bill Clinton,3.86,130642,525,6,https://www.goodreads.com/book/show/35097255-the-president-is-missing,15,0
1408.0,Don't You Cry,Mary Kubica,3.46,72110,525,6,https://www.goodreads.com/book/show/27821486-don-t-you-cry,15,0
1408.0,"The Book of Lost Things (The Book of Lost Things, #1)",John Connolly,3.96,87132,525,7,https://www.goodreads.com/book/show/69136.The_Book_of_Lost_Things,15,3
1408.0,"The No. 1 Ladies' Detective Agency (No. 1 Ladies' Detective Agency, #1)",Alexander McCall Smith,3.81,279607,525,7,https://www.goodreads.com/book/show/7061.The_No_1_Ladies_Detective_Agency,15,0
1408.0,"Double Cross (Alex Cross, #13)",James Patterson,4.05,58790,525,6,https://www.goodreads.com/book/show/552887.Double_Cross,15,3
1408.0,"Crocodile on the Sandbank (Amelia Peabody, #1)",Elizabeth Peters,4.0,80874,525,6,https://www.goodreads.com/book/show/40881649-crocodile-on-the-sandbank,15,3
1415.0,A Woman to Blame,Vincent Panettiere,4.36,227,524,6,https://www.goodreads.com/book/show/52841333-a-woman-to-blame,15,1
1415.0,"Cold Granite (Logan McRae, #1)",Stuart MacBride,4.07,24708,524,6,https://www.goodreads.com/book/show/1182531.Cold_Granite,15,3
1417.0,"Evermore (The Immortals, #1)",Alyson Noel,3.6,300319,523,6,https://www.goodreads.com/book/show/3975774-evermore,15,0
1417.0,"God Bless You, Mr. Rosewater",Kurt Vonnegut Jr.,3.97,74593,523,6,https://www.goodreads.com/book/show/33290408-god-bless-you-mr-rosewater,15,3
1417.0,"Feed (Newsflesh, #1)",Mira Grant,3.85,62210,523,6,https://www.goodreads.com/book/show/7094569-feed,15,0
1420.0,"Ceremony in Death (In Death, #5)",J.D. Robb,4.27,50289,522,8,https://www.goodreads.com/book/show/74036.Ceremony_in_Death,15,3
1421.0,Year of Wonders,Geraldine Brooks,4.01,179729,521,6,https://www.goodreads.com/book/show/4965.Year_of_Wonders,15,3
1421.0,"The Thursday Murder Club (Thursday Murder Club, #1)",Richard Osman,3.85,859279,521,7,https://www.goodreads.com/book/show/46000520-the-thursday-murder-club,15,3
1421.0,"Renegades (Renegades, #1)",Marissa Meyer,4.11,170850,521,6,https://www.goodreads.com/book/show/28421168-renegades,15,3
1421.0,"Towards Zero (Superintendent Battle, #5)",Agatha Christie,3.96,32631,521,7,https://www.goodreads.com/book/show/16351.Towards_Zero,15,3
1425.0,A Little Princess,Frances Hodgson Burnett,4.23,335188,520,6,https://www.goodreads.com/book/show/3008.A_Little_Princess,15,3
1425.0,"The Affair (Jack Reacher, #16)",Lee Child,4.16,112786,520,6,https://www.goodreads.com/book/show/10428708-the-affair,15,3
1425.0,"Problems at the Pub (Sugar Mountain, #4)",Kirsten Fullmer,4.34,4864,520,6,https://www.goodreads.com/book/show/55927483-problems-at-the-pub,15,1
1425.0,The Whisper Man,Alex North,4.0,212116,520,9,https://www.goodreads.com/book/show/41940236-the-whisper-man,15,3
1429.0,I See You,Clare Mackintosh,3.86,86181,519,6,https://www.goodreads.com/book/show/26233572-i-see-you,15,0
1429.0,Paradise Lost,John Milton,3.86,188021,519,6,https://www.goodreads.com/book/show/15997.Paradise_Lost,15,0
1429.0,"Tower of Dawn (Throne of Glass, #6)",Sarah J. Maas,4.28,1214456,519,7,https://www.goodreads.com/book/show/76714487-tower-of-dawn,15,3
1429.0,"After You (Me Before You, #2)",Jojo Moyes,3.75,427845,519,7,https://www.goodreads.com/book/show/27774596-after-you,15,0
1429.0,"Finger Lickin' Fifteen (Stephanie Plum, #15)",Janet Evanovich,4.03,97857,519,6,https://www.goodreads.com/book/show/6048530-finger-lickin-fifteen,15,3
1429.0,The Book of Cold Cases,Simone St. James,3.77,135107,519,7,https://www.goodreads.com/book/show/58371432-the-book-of-cold-cases,15,0
1435.0,A Head Full of Ghosts,Paul Tremblay,3.77,112321,518,6,https://www.goodreads.com/book/show/23019294-a-head-full-of-ghosts,15,0
1435.0,Drive Your Plow Over the Bones of the Dead,Olga Tokarczuk,3.92,177705,518,6,https://www.goodreads.com/book/show/51648276-drive-your-plow-over-the-bones-of-the-dead,15,3
1437.0,"White Fire (Pendergast, #13)",Douglas Preston,4.13,30089,517,6,https://www.goodreads.com/book/show/17159011-white-fire,15,3
1437.0,The Girl Who Loved Tom Gordon,Stephen King,3.64,184198,517,6,https://www.goodreads.com/book/show/11564.The_Girl_Who_Loved_Tom_Gordon,15,0
1437.0,Bottled Lightning,L.M. Weeks,4.06,690,517,6,https://www.goodreads.com/book/show/61078353-bottled-lightning,15,1
1437.0,Don't Let Him In,Lisa Jewell,3.75,284181,517,6,https://www.goodreads.com/book/show/220160814-don-t-let-him-in,15,0
1441.0,"Howl's Moving Castle (Howl's Moving Castle, #1)",Diana Wynne Jones,4.28,471779,516,6,https://www.goodreads.com/book/show/6294.Howl_s_Moving_Castle,15,3
1441.0,"Perfect (Perfect, #1)",Tricia Copeland,4.28,336,516,6,https://www.goodreads.com/book/show/49385532-perfect,15,1
1441.0,"Tripwire (Jack Reacher, #3)",Lee Child,4.12,146637,516,6,https://www.goodreads.com/book/show/220970.Tripwire,15,3
1441.0,"The Black Dahlia (L.A. Quartet, #1)",James Ellroy,3.8,101504,516,6,https://www.goodreads.com/book/show/21704.The_Black_Dahlia,15,0
1445.0,"Sycamore Row (Jake Brigance, #2)",John Grisham,4.11,143805,514,6,https://www.goodreads.com/book/show/17288661-sycamore-row,15,3
1445.0,The Great Alone,Kristin Hannah,4.46,1345468,514,6,https://www.goodreads.com/book/show/34912895-the-great-alone,15,3
1445.0,"Dreams of Gods & Monsters (Daughter of Smoke & Bone, #3)",Laini Taylor,4.11,117055,514,6,https://www.goodreads.com/book/show/13618440-dreams-of-gods-monsters,15,3
1448.0,Smoke Screen,Sandra Brown,4.11,23035,513,7,https://www.goodreads.com/book/show/2306910.Smoke_Screen,15,3
1448.0,"The Secret Place (Dublin Murder Squad, #5)",Tana French,3.85,97366,513,6,https://www.goodreads.com/book/show/52263433-the-secret-place,15,0
1450.0,"The Golem and the Jinni (The Golem and the Jinni, #1)",Helene Wecker,4.13,133699,512,6,https://www.goodreads.com/book/show/15819028-the-golem-and-the-jinni,15,3
1450.0,Balzac and the Little Chinese Seamstress,Dai Sijie,3.64,69513,512,6,https://www.goodreads.com/book/show/533465.Balzac_and_the_Little_Chinese_Seamstress,15,0
1450.0,"The Redbreast (Harry Hole, #3)",Jo Nesbø,3.95,112360,512,6,https://www.goodreads.com/book/show/465226.The_Redbreast,15,3
1450.0,The Forest,Miriam Verbeek,4.39,475,512,6,https://www.goodreads.com/book/show/203024688-the-forest,15,1
1454.0,"Club Dead (Sookie Stackhouse, #3)",Charlaine Harris,4.02,246966,511,6,https://www.goodreads.com/book/show/140082.Club_Dead,15,3
1454.0,"The Hazel Wood (The Hazel Wood, #1)",Melissa Albert,3.55,103678,511,6,https://www.goodreads.com/book/show/34275232-the-hazel-wood,15,0
1454.0,"The Last Wish (The Witcher, #0.5)",Andrzej Sapkowski,4.14,435105,511,6,https://www.goodreads.com/book/show/40603587-the-last-wish,15,3
1454.0,"Sovereign (Matthew Shardlake, #3)",C.J. Sansom,4.26,33984,511,6,https://www.goodreads.com/book/show/138684.Sovereign,15,3
1454.0,Ezekiel's Eyes,John Pease,4.38,195,511,6,https://www.goodreads.com/book/show/60893635-ezekiel-s-eyes,15,1
1459.0,The Cradle Will Fall,Mary Higgins Clark,3.94,22086,510,6,https://www.goodreads.com/book/show/512475.The_Cradle_Will_Fall,15,0
1459.0,"White Cat (Curse Workers, #1)",Holly Black,3.79,51531,510,7,https://www.goodreads.com/book/show/6087756-white-cat,15,0
1459.0,The Rest of Us Just Live Here,Patrick Ness,3.68,63895,510,6,https://www.goodreads.com/book/show/22910900-the-rest-of-us-just-live-here,15,0
1462.0,"The Titan’s Curse (Percy Jackson and the Olympians, #3)",Rick Riordan,4.37,1264774,509,6,https://www.goodreads.com/book/show/561456.The_Titan_s_Curse,15,3
1462.0,A Northern Light,Jennifer Donnelly,3.83,46311,509,6,https://www.goodreads.com/book/show/64481.A_Northern_Light,15,0
1462.0,"Triple Deception (Remmich/Miller, #4)",Karl Braungart,4.31,919,509,6,https://www.goodreads.com/book/show/123425153-triple-deception,15,1
1465.0,"Blood for Blood (Ziba MacKenzie, #1)",Victoria Selman,3.79,12786,508,6,https://www.goodreads.com/book/show/40020563-blood-for-blood,15,0
1465.0,Pride and Prejudice,Jane Austen,4.3,4999797,508,7,https://www.goodreads.com/book/show/1885.Pride_and_Prejudice,15,3
1467.0,"Carry On (Simon Snow, #1)",Rainbow Rowell,4.15,338906,507,7,https://www.goodreads.com/book/show/32768522-carry-on,15,3
1467.0,The Colorado Kid,Stephen King,3.38,62703,507,6,https://www.goodreads.com/book/show/10574.The_Colorado_Kid,15,0
1467.0,Magic for Liars,Sarah Gailey,3.61,36239,507,6,https://www.goodreads.com/book/show/34594037-magic-for-liars,15,0
1470.0,The Moonlight Child,Karen McQuestion,4.13,87429,506,6,https://www.goodreads.com/book/show/54733883-the-moonlight-child,15,3
1471.0,The Plot Against America,Philip Roth,3.82,71627,505,6,https://www.goodreads.com/book/show/703.The_Plot_Against_America,15,0
1472.0,"The Hard Way (Jack Reacher, #10)",Lee Child,4.2,97716,504,6,https://www.goodreads.com/book/show/383028.The_Hard_Way,15,3
1472.0,The Illustrated Man,Ray Bradbury,4.13,110695,504,6,https://www.goodreads.com/book/show/24830.The_Illustrated_Man,15,3
1472.0,"The White Lioness (Kurt Wallander, #3)",Henning Mankell,3.88,24627,504,6,https://www.goodreads.com/book/show/39801.The_White_Lioness,15,0
1475.0,The Five People You Meet in Heaven,Mitch Albom,4.02,833805,503,6,https://www.goodreads.com/book/show/3431.The_Five_People_You_Meet_in_Heaven,15,3
1475.0,King Lear,William Shakespeare,3.91,243678,503,7,https://www.goodreads.com/book/show/12938.King_Lear,15,3
1477.0,"Magic Bites (Kate Daniels, #1)",Ilona Andrews,4.05,138454,502,6,https://www.goodreads.com/book/show/38619.Magic_Bites,15,3
1477.0,"Shadowland (The Mediator, #1)",Jenny Carroll,4.04,71776,502,6,https://www.goodreads.com/book/show/187811.Shadowland,15,3
1479.0,"Scythe (Arc of a Scythe, #1)",Neal Shusterman,4.32,442838,501,6,https://www.goodreads.com/book/show/28954189-scythe,15,3
1479.0,Cocaine Nights,J.G. Ballard,3.56,6922,501,6,https://www.goodreads.com/book/show/70253.Cocaine_Nights,15,0
1479.0,"Emperor Mage (The Immortals, #3)",Tamora Pierce,4.29,66184,501,6,https://www.goodreads.com/book/show/13833.Emperor_Mage,15,3
1479.0,"American Assassin (Mitch Rapp, #1)",Vince Flynn,4.25,104107,501,6,https://www.goodreads.com/book/show/7959473-american-assassin,15,3
1479.0,"Love You More (Tessa Leoni, #1; Detective D.D. Warren, #5)",Lisa Gardner,4.18,59263,501,6,https://www.goodreads.com/book/show/8701129-love-you-more,15,3
1484.0,Midnight Sin,Michael Tabman,4.13,90,500,5,https://www.goodreads.com/book/show/11441830-midnight-sin,15,1
1484.0,"Who's Your Daddy, Baby?",Lisa Pell,3.9,20,500,5,https://www.goodreads.com/book/show/15702541-who-s-your-daddy-baby,15,1
1484.0,Advent,David Miller,4.22,23,500,5,https://www.goodreads.com/book/show/18133464-advent,15,1
1484.0,Lex (Unconventional Hearts #1),S.K. Logsdon,4.0,247,500,5,https://www.goodreads.com/book/show/20640026-lex,15,1
1484.0,What Happened to Michael,N.F. Paupe,3.89,35,500,5,https://www.goodreads.com/book/show/39868570-what-happened-to-michael,15,1
1484.0,The Family Tree,Steph Mullin,3.6,2145,500,5,https://www.goodreads.com/book/show/56635498-the-family-tree,15,0
1484.0,The Breakdown,B.A. Paris,3.88,155654,500,6,https://www.goodreads.com/book/show/31450633-the-breakdown,15,0
1484.0,"Violets Are Blue (Alex Cross, #7)",James Patterson,4.02,73262,500,6,https://www.goodreads.com/book/show/79379.Violets_Are_Blue,15,3
1484.0,The Gynecologist's Daughter,Richard Enns,4.97,409,500,5,https://www.goodreads.com/book/show/234510233-the-gynecologist-s-daughter,15,1
1493.0,"Caged in Darkness (Caged, #1)",J.D. Stroube,3.59,731,499,5,https://www.goodreads.com/book/show/11342260-caged-in-darkness,15,0
1493.0,Songs from the Phenomenal Nothing,Steven Luna,4.26,101,499,5,https://www.goodreads.com/book/show/18302739-songs-from-the-phenomenal-nothing,15,1
1493.0,Valentina,S.E. Lynes,4.02,2773,499,5,https://www.goodreads.com/book/show/29957613-valentina,15,1
1493.0,Inherit The Whirlwind: The Final Showdown Between Science And Religion,D.R. Pope,4.52,56,499,5,https://www.goodreads.com/book/show/35276908-inherit-the-whirlwind,15,1
1493.0,"The Brass Verdict (The Lincoln Lawyer, #2; Harry Bosch Universe, #19)",Michael Connelly,4.25,103447,499,6,https://www.goodreads.com/book/show/2761626-the-brass-verdict,15,3
1493.0,"The Sword of Summer (Magnus Chase and the Gods of Asgard, #1)",Rick Riordan,4.23,247365,499,6,https://www.goodreads.com/book/show/15724396-the-sword-of-summer,15,3
1493.0,"Flowers in the Attic (Dollanganger, #1)",V.C. Andrews,3.86,246242,499,6,https://www.goodreads.com/book/show/43448.Flowers_in_the_Attic,15,0
1500.0,"Beautiful Darkness (Caster Chronicles, #2)",Kami Garcia,3.83,143293,498,6,https://www.goodreads.com/book/show/7842288-beautiful-darkness,15,0
1500.0,"The Son of Neptune (The Heroes of Olympus, #2)",Rick Riordan,4.4,688602,498,7,https://www.goodreads.com/book/show/9520360-the-son-of-neptune,16,3
1500.0,"Bury Your Dead (Chief Inspector Armand Gamache, #6)",Louise Penny,4.35,101658,498,6,https://www.goodreads.com/book/show/7945049-bury-your-dead,16,3
1500.0,"Twelve Sharp (Stephanie Plum, #12)",Janet Evanovich,4.17,107730,498,7,https://www.goodreads.com/book/show/3507.Twelve_Sharp,16,3
1504.0,Two Little Girls in Blue,Mary Higgins Clark,3.91,35752,497,6,https://www.goodreads.com/book/show/154423.Two_Little_Girls_in_Blue,16,0
1504.0,A Simple Plan,Scott Smith,3.94,38644,497,6,https://www.goodreads.com/book/show/21727.A_Simple_Plan,16,3
1504.0,Hunters Moon,Lynda Renham,4.34,743,497,5,https://www.goodreads.com/book/show/36205416-hunters-moon,16,1
1504.0,The Soft Machine (The Nova Trilogy #1),William S. Burroughs,3.43,7211,497,6,https://www.goodreads.com/book/show/23937.The_Soft_Machine,16,0
1508.0,"The Queen of Nothing (The Folk of the Air, #3)",Holly Black,4.33,1041532,496,6,https://www.goodreads.com/book/show/26032912-the-queen-of-nothing,16,3
1509.0,When She Returned,Lucinda Berry,3.96,142618,495,5,https://www.goodreads.com/book/show/43807935-when-she-returned,16,3
1510.0,"Empire of Storms (Throne of Glass, #5)",Sarah J. Maas,4.63,1394274,494,7,https://www.goodreads.com/book/show/76713323-empire-of-storms,16,3
1511.0,Bridge to Terabithia,Katherine Paterson,4.07,603072,493,6,https://www.goodreads.com/book/show/40940121-bridge-to-terabithia,16,3
1511.0,My Summer in St. Ives,Don Barr,4.45,430,493,6,https://www.goodreads.com/book/show/38822883-my-summer-in-st-ives,16,1
1511.0,"Lean Mean Thirteen (Stephanie Plum, #13)",Janet Evanovich,4.11,104504,493,6,https://www.goodreads.com/book/show/40317.Lean_Mean_Thirteen,16,3
1514.0,Dante's Journey,J.C. Marino,4.01,136,492,5,https://www.goodreads.com/book/show/7988764-dante-s-journey,16,1
1514.0,"Blood Promise (Vampire Academy, #4)",Richelle Mead,4.3,329843,492,6,https://www.goodreads.com/book/show/5996153-blood-promise,16,3
1514.0,"The Secret (The Secret, #1)",Rhonda Byrne,3.74,547496,492,6,https://www.goodreads.com/book/show/52529.The_Secret,16,0
1514.0,"Nemesis (Harry Hole, #4)",Jo Nesbø,3.98,82532,492,6,https://www.goodreads.com/book/show/6979826-nemesis,16,3
1518.0,The Adventures of Armstrong Dent: The Complete First Season,Aeyess,4.52,27,491,5,https://www.goodreads.com/book/show/24040790-the-adventures-of-armstrong-dent,16,1
1518.0,Treasure Island,Robert Louis Stevenson,3.85,554669,491,6,https://www.goodreads.com/book/show/295.Treasure_Island,16,3
1518.0,"Terrier (Beka Cooper, #1)",Tamora Pierce,4.16,70410,491,6,https://www.goodreads.com/book/show/13829.Terrier,16,3
1518.0,My Year of Rest and Relaxation,Ottessa Moshfegh,3.59,618726,491,6,https://www.goodreads.com/book/show/44279110-my-year-of-rest-and-relaxation,16,0
1522.0,The Boys from Brazil,Ira Levin,4.05,41555,490,5,https://www.goodreads.com/book/show/99894.The_Boys_from_Brazil,16,3
1522.0,Sarah's Key,Tatiana de Rosnay,4.18,501930,490,6,https://www.goodreads.com/book/show/556602.Sarah_s_Key,16,3
1522.0,Westwind Secrets,Marilyn Dalla Valle,4.29,3246,490,6,https://www.goodreads.com/book/show/57251466-westwind-secrets,16,1
1525.0,"Triumph: Life on the Other Side of Trials, Transplants, Transition and Transformation",Gregory S. Works,4.27,7209,489,6,https://www.goodreads.com/book/show/80348200-triumph,16,1
1526.0,Stone's Fall,Iain Pears,3.87,8807,488,5,https://www.goodreads.com/book/show/6182702-stone-s-fall,16,0
1526.0,The Sea of Tranquility,Katja Millay,4.28,89159,488,6,https://www.goodreads.com/book/show/16151178-the-sea-of-tranquility,16,3
1528.0,Without Wax,William Walsh,4.48,33,487,5,https://www.goodreads.com/book/show/2972160-without-wax,16,1
1528.0,"All My Life (First Things, #1)",Rucy Ban,3.52,1767,487,5,https://www.goodreads.com/book/show/17825487-all-my-life,16,0
1528.0,The Blue Journal: A Detective Anthony Walker Novel,L.T. Graham,3.93,765,487,5,https://www.goodreads.com/book/show/22822947-the-blue-journal,16,1
1528.0,Dolores Claiborne,Stephen King,3.95,176369,487,6,https://www.goodreads.com/book/show/7278752-dolores-claiborne,16,3
1528.0,Prometheus Bound and Other Plays,Aeschylus,4.0,9174,487,6,https://www.goodreads.com/book/show/1523.Prometheus_Bound_and_Other_Plays,16,3
1528.0,Zodiac,Robert Graysmith,3.91,28487,487,6,https://www.goodreads.com/book/show/105760.Zodiac,16,0
1534.0,"The Battle of the Labyrinth (Percy Jackson and the Olympians, #4)",Rick Riordan,4.42,1258926,486,6,https://www.goodreads.com/book/show/2120932.The_Battle_of_the_Labyrinth,16,3
1534.0,The Wonder,Emma Donoghue,3.65,93394,486,6,https://www.goodreads.com/book/show/28449257-the-wonder,16,0
1534.0,"Illuminae (The Illuminae Files, #1)",Amie Kaufman,4.23,164441,486,6,https://www.goodreads.com/book/show/23395680-illuminae,16,3
1537.0,Drowning Ruth,Christina Schwarz,3.74,85031,485,7,https://www.goodreads.com/book/show/5171.Drowning_Ruth,16,0
1538.0,"Sleeping Murder (Miss Marple, #12)",Agatha Christie,4.0,55445,484,7,https://www.goodreads.com/book/show/16300.Sleeping_Murder,16,3
1538.0,Ivanhoe,Walter Scott,3.77,100648,484,5,https://www.goodreads.com/book/show/6440.Ivanhoe,16,0
1540.0,"The Vampiric Housewife (The Vampiric Housewife, #1)",Kristen Marquette,3.78,89,483,5,https://www.goodreads.com/book/show/7125092-the-vampiric-housewife,16,1
1540.0,Wide Sargasso Sea,Jean Rhys,3.59,112142,483,7,https://www.goodreads.com/book/show/25622780-wide-sargasso-sea,16,0
1540.0,"Silence (Hush, Hush, #3)",Becca Fitzpatrick,4.06,298249,483,6,https://www.goodreads.com/book/show/10637766-silence,16,3
1540.0,A Constellation of Vital Phenomena,Anthony Marra,4.12,56506,483,6,https://www.goodreads.com/book/show/18428067-a-constellation-of-vital-phenomena,16,3
1544.0,"Strong Poison (Lord Peter Wimsey, #6)",Dorothy L. Sayers,4.13,34460,482,6,https://www.goodreads.com/book/show/246225.Strong_Poison,16,3
1544.0,The Broken Girls,Simone St. James,4.05,135379,482,6,https://www.goodreads.com/book/show/35533431-the-broken-girls,16,3
1544.0,"Hot Six (Stephanie Plum, #6)",Janet Evanovich,4.19,140909,482,5,https://www.goodreads.com/book/show/6858.Hot_Six,16,3
1547.0,Everything I Never Told You,Celeste Ng,3.83,626502,481,6,https://www.goodreads.com/book/show/18693763-everything-i-never-told-you,16,0
1547.0,The Long Walk,Richard Bachman,3.98,310164,481,6,https://www.goodreads.com/book/show/9014.The_Long_Walk,16,3
1547.0,"Still Life With Crows (Pendergast, #4)",Douglas Preston,4.22,43065,481,7,https://www.goodreads.com/book/show/39033.Still_Life_With_Crows,16,3
1547.0,The Last Murder at the End of the World,Stuart Turton,3.66,68748,481,5,https://www.goodreads.com/book/show/136276877-the-last-murder-at-the-end-of-the-world,16,0
1551.0,"The Magician’s Nephew (Chronicles of Narnia, #6)",C.S. Lewis,4.06,627798,480,6,https://www.goodreads.com/book/show/65605.The_Magician_s_Nephew,16,3
1552.0,The Partner,John Grisham,3.98,137213,479,5,https://www.goodreads.com/book/show/5350.The_Partner,16,3
1552.0,Dark Around the Edges,Susan Simpson,4.72,18,479,5,https://www.goodreads.com/book/show/1611663.Dark_Around_the_Edges,16,1
1552.0,"Aurora Rising (The Aurora Cycle, #1)",Amie Kaufman,4.09,75845,479,5,https://www.goodreads.com/book/show/30075662-aurora-rising,16,3
1552.0,Crooked House,Agatha Christie,4.08,97403,479,6,https://www.goodreads.com/book/show/16315.Crooked_House,16,3
1552.0,"A Better Man (Chief Inspector Armand Gamache, #15)",Louise Penny,4.3,78132,479,6,https://www.goodreads.com/book/show/44034500-a-better-man,16,3
1557.0,"The Waste Lands (Dark Tower, #3)",Stephen King,4.25,255436,478,6,https://www.goodreads.com/book/show/34084.The_Waste_Lands,16,3
1557.0,Heartless,Marissa Meyer,4.08,280883,478,5,https://www.goodreads.com/book/show/18584855-heartless,16,3
1559.0,Trust Your Eyes,Linwood Barclay,4.11,15896,477,5,https://www.goodreads.com/book/show/13542982-trust-your-eyes,16,3
1560.0,The Lying Game,Ruth Ware,3.52,222335,476,7,https://www.goodreads.com/book/show/32895291-the-lying-game,16,0
1561.0,Hazel House,Oby Aligwekwe,3.75,1241,475,5,https://www.goodreads.com/book/show/42765524-hazel-house,16,0
1561.0,This Lullaby,Sarah Dessen,4.01,181337,475,6,https://www.goodreads.com/book/show/22205.This_Lullaby,16,3
1561.0,Can You Keep a Secret?,Sophie Kinsella,3.82,484782,475,6,https://www.goodreads.com/book/show/33724.Can_You_Keep_a_Secret_,16,0
1564.0,"Lirael (Abhorsen, #2)",Garth Nix,4.29,125393,474,6,https://www.goodreads.com/book/show/47624.Lirael,16,3
1564.0,"Heir of Novron (The Riyria Revelations, #5-6)",Michael J. Sullivan,4.51,56651,474,5,https://www.goodreads.com/book/show/44777327-heir-of-novron,16,3
1564.0,"The Miserable Mill (A Series of Unfortunate Events, #4)",Lemony Snicket,3.86,188895,474,6,https://www.goodreads.com/book/show/65119.The_Miserable_Mill,16,0
1564.0,"The Taste of Despair (The Master of Perceptions, #3)",Darin C. Brown,4.3,223,474,5,https://www.goodreads.com/book/show/55650292-the-taste-of-despair,16,1
1564.0,"The Nine Tailors (Lord Peter Wimsey, #11)",Dorothy L. Sayers,4.02,21989,474,6,https://www.goodreads.com/book/show/126675.The_Nine_Tailors,16,3
1564.0,Cult of the Clan,Frank Lambert,4.46,321,474,5,https://www.goodreads.com/book/show/199559115-cult-of-the-clan,16,1
1570.0,A Question of Sanity,Katherine Black,4.17,122,473,5,https://www.goodreads.com/book/show/31342752-a-question-of-sanity,16,1
1571.0,"The Death Cure (The Maze Runner, #3)",James Dashner,3.78,515967,472,6,https://www.goodreads.com/book/show/7864437-the-death-cure,16,0
1571.0,"The Leopard (Harry Hole, #8)",Jo Nesbø,4.1,65947,472,6,https://www.goodreads.com/book/show/23355220-the-leopard,16,3
1573.0,"The Eye of the World (The Wheel of Time, #1)",Robert Jordan,4.19,612717,471,5,https://www.goodreads.com/book/show/228665.The_Eye_of_the_World,16,3
1573.0,Night of the Rat,Tanya Thompson,4.25,5095,471,5,https://www.goodreads.com/book/show/43619901-night-of-the-rat,16,1
1573.0,Ethan Frome,Edith Wharton,3.47,141973,471,5,https://www.goodreads.com/book/show/5246.Ethan_Frome,16,0
1576.0,The Chalk Man,C.J. Tudor,3.69,129715,470,7,https://www.goodreads.com/book/show/35356382-the-chalk-man,16,0
1576.0,"Promise Cove (Pelican Pointe, #1)",Vickie McKeehan,4.15,3215,470,5,https://www.goodreads.com/book/show/13232888-promise-cove,16,1
1576.0,"Kingdom of Ash (Throne of Glass, #7)",Sarah J. Maas,4.71,1243481,470,7,https://www.goodreads.com/book/show/76715522-kingdom-of-ash,16,3
1579.0,I Will Wait for You: Eternal Bliss,Linda Masemore Pirrung,4.42,119,469,5,https://www.goodreads.com/book/show/6992777-i-will-wait-for-you,16,1
1579.0,"The Big Four (Hercule Poirot, #5)",Agatha Christie,3.56,79054,469,6,https://www.goodreads.com/book/show/16316.The_Big_Four,16,0
1579.0,"Lilac Girls (Woolsey-Ferriday, #1)",Martha Hall Kelly,4.29,354523,469,6,https://www.goodreads.com/book/show/25893693-lilac-girls,16,3
1579.0,We,Yevgeny Zamyatin,3.87,119270,469,5,https://www.goodreads.com/book/show/76171.We,16,0
1579.0,"When the children come (Children of the Eye, #1)",Barry Kirwan,4.34,394,469,6,https://www.goodreads.com/book/show/56590530-when-the-children-come,16,1
1579.0,The Merry Wives of Windsor,William Shakespeare,3.55,15033,469,5,https://www.goodreads.com/book/show/104778.The_Merry_Wives_of_Windsor,16,0
1585.0,Bad Monkeys,Matt Ruff,3.61,11432,468,5,https://www.goodreads.com/book/show/71845.Bad_Monkeys,16,0
1585.0,"A Canticle for Leibowitz (St. Leibowitz, #1)",Walter M. Miller Jr.,3.99,123746,468,6,https://www.goodreads.com/book/show/164154.A_Canticle_for_Leibowitz,16,3
1585.0,An Enemy of the People,Henrik Ibsen,3.88,15985,468,6,https://www.goodreads.com/book/show/246035.An_Enemy_of_the_People,16,0
1585.0,"Double Cross (Cross Your Heart and Die, #2)",Diane L. Kowalyshyn,4.28,100,468,5,https://www.goodreads.com/book/show/58352801-double-cross,16,1
1589.0,We Are All Completely Beside Ourselves,Karen Joy Fowler,3.71,129049,467,7,https://www.goodreads.com/book/show/16176440-we-are-all-completely-beside-ourselves,16,0
1589.0,The Jane Austen Book Club,Karen Joy Fowler,3.09,71679,467,6,https://www.goodreads.com/book/show/2152.The_Jane_Austen_Book_Club,16,0
1589.0,The Mermaid Chair,Sue Monk Kidd,3.23,91078,467,6,https://www.goodreads.com/book/show/6976.The_Mermaid_Chair,16,0
1589.0,"The Night Swim (Rachel Krall, #1)",Megan Goldin,4.02,126279,467,5,https://www.goodreads.com/book/show/51169341-the-night-swim,16,3
1593.0,Hell's Angels,Hunter S. Thompson,3.97,56558,466,6,https://www.goodreads.com/book/show/10882.Hell_s_Angels,16,3
1593.0,"The Rose & the Dagger (The Wrath and the Dawn, #2)",Renée Ahdieh,4.03,100888,466,5,https://www.goodreads.com/book/show/23308084-the-rose-the-dagger,16,3
1595.0,Perpetual Night,Georgina Morales,3.72,47,465,5,https://www.goodreads.com/book/show/10504222-perpetual-night,16,0
1595.0,Remember Me,Lynda Renham,4.22,5691,465,5,https://www.goodreads.com/book/show/34680319-remember-me,16,1
1595.0,Small Great Things,Jodi Picoult,4.36,459693,465,6,https://www.goodreads.com/book/show/41021501-small-great-things,16,3
1595.0,Drama,Raina Telgemeier,4.18,166449,465,6,https://www.goodreads.com/book/show/13436373-drama,16,3
1599.0,Seducing the Myth,Lucy Felthouse,3.88,48,464,5,https://www.goodreads.com/book/show/12042088-seducing-the-myth,16,1
1599.0,"The Naturals (The Naturals, #1)",Jennifer Lynn Barnes,4.23,408655,464,6,https://www.goodreads.com/book/show/13597723-the-naturals,16,3
1601.0,Diary,Chuck Palahniuk,3.65,81819,463,5,https://www.goodreads.com/book/show/22284.Diary,17,0
1601.0,The Zima Confession,Iain M. Rodgers,4.22,88,463,5,https://www.goodreads.com/book/show/52591524-the-zima-confession,17,1
1601.0,The Balance of Time (Time Chain #2),Steven Decker,4.21,1005,463,5,https://www.goodreads.com/book/show/123138808-the-balance-of-time,17,1
1604.0,The Place That Gave,Emem Uko,4.43,130,462,5,https://www.goodreads.com/book/show/53344842-the-place-that-gave,17,1
1604.0,"Betrayal High (Zachary Blake Legal Thriller, #5)",Mark M. Bello,4.27,253,462,5,https://www.goodreads.com/book/show/54415724-betrayal-high,17,1
1606.0,"The Twelfth Card (Lincoln Rhyme, #6)",Jeffery Deaver,4.0,21336,461,5,https://www.goodreads.com/book/show/106312.The_Twelfth_Card,17,3
1606.0,"Pawn in Frankincense (The Lymond Chronicles, #4)",Dorothy Dunnett,4.61,4103,461,5,https://www.goodreads.com/book/show/360455.Pawn_in_Frankincense,17,1
1606.0,"Hello, Darkness",Sandra Brown,4.07,21655,461,6,https://www.goodreads.com/book/show/30381.Hello_Darkness,17,3
1606.0,"Wild Magic (Immortals, #1)",Tamora Pierce,4.31,83559,461,5,https://www.goodreads.com/book/show/13836.Wild_Magic,17,3
1606.0,"The Snake, the Crocodile and the Dog (Amelia Peabody, #7)",Elizabeth Peters,4.22,15171,461,5,https://www.goodreads.com/book/show/157857.The_Snake_the_Crocodile_and_the_Dog,17,3
1611.0,Emma in the Night,Wendy Walker,3.71,44084,460,5,https://www.goodreads.com/book/show/33574211-emma-in-the-night,17,0
1612.0,The Wives,Tarryn Fisher,3.65,245778,459,6,https://www.goodreads.com/book/show/43262893-the-wives,17,0
1613.0,"The Awakening (Darkest Powers, #2)",Kelley Armstrong,4.14,118581,458,5,https://www.goodreads.com/book/show/5391115-the-awakening,17,3
1613.0,"Last Sacrifice (Vampire Academy, #6)",Richelle Mead,4.36,302195,458,5,https://www.goodreads.com/book/show/6527740-last-sacrifice,17,3
1613.0,Of Human Bondage,W. Somerset Maugham,4.16,63204,458,6,https://www.goodreads.com/book/show/31548.Of_Human_Bondage,17,3
1613.0,Handle with Care,Jodi Picoult,4.01,141621,458,5,https://www.goodreads.com/book/show/3720975-handle-with-care,17,3
1617.0,"A Dance with Dragons (A Song of Ice and Fire, #5)",George R.R. Martin,4.35,755170,457,6,https://www.goodreads.com/book/show/10664113-a-dance-with-dragons,17,3
1617.0,The Odessa File (Odessa #1),Frederick Forsyth,4.15,65254,457,5,https://www.goodreads.com/book/show/149572.The_Odessa_File,17,3
1619.0,Let the Right One In,John Ajvide Lindqvist,4.03,123779,456,5,https://www.goodreads.com/book/show/943402.Let_the_Right_One_In,17,3
1619.0,Her Every Fear,Peter Swanson,3.75,38850,456,5,https://www.goodreads.com/book/show/29938032-her-every-fear,17,0
1619.0,"Rebel of the Sands (Rebel of the Sands, #1)",Alwyn Hamilton,3.95,67153,456,5,https://www.goodreads.com/book/show/24934065-rebel-of-the-sands,17,3
1622.0,Beowulf,Seamus Heaney,3.5,356039,455,5,https://www.goodreads.com/book/show/52357.Beowulf,17,0
1622.0,The Casual Vacancy,J.K. Rowling,3.31,339328,455,5,https://www.goodreads.com/book/show/13497818-the-casual-vacancy,17,0
1622.0,"The Trespasser (Dublin Murder Squad, #6)",Tana French,3.99,99894,455,5,https://www.goodreads.com/book/show/34267285-the-trespasser,17,3
1625.0,The Collector,John Fowles,3.97,101382,454,5,https://www.goodreads.com/book/show/243705.The_Collector,17,3
1625.0,"Summer Knight (The Dresden Files, #4)",Jim Butcher,4.26,165864,454,5,https://www.goodreads.com/book/show/91478.Summer_Knight,17,3
1625.0,"The Rosie Effect (Don Tillman, #2)",Graeme Simsion,3.64,144907,454,5,https://www.goodreads.com/book/show/23492671-the-rosie-effect,17,0
1628.0,Cujo,Stephen King,3.81,331555,453,5,https://www.goodreads.com/book/show/10603.Cujo,17,0
1628.0,Holly Jolly: Campfire Stories,JK Franko Junior,4.35,4339,453,5,https://www.goodreads.com/book/show/56071182-holly-jolly,17,1
1630.0,On Chesil Beach,Ian McEwan,3.63,105761,452,6,https://www.goodreads.com/book/show/815309.On_Chesil_Beach,17,0
1630.0,"Loves Music, Loves to Dance",Mary Higgins Clark,3.95,31220,452,6,https://www.goodreads.com/book/show/170650.Loves_Music_Loves_to_Dance,17,3
1630.0,"Soulless (Parasol Protectorate, #1)",Gail Carriger,3.9,115068,452,6,https://www.goodreads.com/book/show/6381205-soulless,17,3
1630.0,Thinner,Richard Bachman,3.78,232510,452,5,https://www.goodreads.com/book/show/10605.Thinner,17,0
1630.0,"The Girl Who Circumnavigated Fairyland in a Ship of Her Own Making (Fairyland, #1)",Catherynne M. Valente,3.95,41967,452,5,https://www.goodreads.com/book/show/9591398-the-girl-who-circumnavigated-fairyland-in-a-ship-of-her-own-making,17,3
1630.0,Trigger Warning: Short Fictions and Disturbances,Neil Gaiman,3.91,63436,452,5,https://www.goodreads.com/book/show/22522808-trigger-warning,17,3
1630.0,"Fatal Identity (Remmich/Miller, #3)",Karl Braungart,4.36,742,452,5,https://www.goodreads.com/book/show/62686425-fatal-identity,17,1
1630.0,Death Comes as the End,Agatha Christie,3.84,29318,452,5,https://www.goodreads.com/book/show/121645.Death_Comes_as_the_End,17,0
1638.0,"The Amber Spyglass (His Dark Materials, #3)",Philip Pullman,4.11,390872,451,5,https://www.goodreads.com/book/show/18122.The_Amber_Spyglass,17,3
1638.0,Nausea,Jean-Paul Sartre,3.93,146750,451,5,https://www.goodreads.com/book/show/298275.Nausea,17,3
1638.0,"Cry, the Beloved Country",Alan Paton,3.93,81064,451,5,https://www.goodreads.com/book/show/6150.Cry_the_Beloved_Country,17,3
1641.0,"Blasphemy (Wyman Ford, #2)",Douglas Preston,3.75,12194,450,5,https://www.goodreads.com/book/show/1234704.Blasphemy,17,0
1641.0,Song of the Silent Snow,Hubert Selby Jr.,3.84,1496,450,5,https://www.goodreads.com/book/show/50273.Song_of_the_Silent_Snow,17,0
1641.0,The Nickel Boys,Colson Whitehead,4.25,324922,450,5,https://www.goodreads.com/book/show/42270835-the-nickel-boys,17,3
1641.0,"Innocent in Death (In Death, #24)",J.D. Robb,4.4,35356,450,5,https://www.goodreads.com/book/show/74033.Innocent_in_Death,17,3
1645.0,"The Blood Mirror (Lightbringer, #4)",Brent Weeks,4.32,54166,449,5,https://www.goodreads.com/book/show/29467232-the-blood-mirror,17,3
1646.0,Blood and Guts in High School,Kathy Acker,3.46,7459,448,5,https://www.goodreads.com/book/show/321950.Blood_and_Guts_in_High_School,17,0
1646.0,"The Nanny Diaries (Nanny, #1)",Emma McLaughlin,3.47,391659,448,6,https://www.goodreads.com/book/show/228333.The_Nanny_Diaries,17,0
1646.0,Razorblade Tears,S.A. Cosby,4.12,186567,448,6,https://www.goodreads.com/book/show/54860585-razorblade-tears,17,3
1646.0,"The Searcher (Cal Hooper, #1)",Tana French,3.81,176281,448,5,https://www.goodreads.com/book/show/52661162-the-searcher,17,0
1650.0,"Gone Tomorrow (Jack Reacher, #13)",Lee Child,4.19,120452,447,5,https://www.goodreads.com/book/show/4494917-gone-tomorrow,17,3
1650.0,"Heir of Fire (Throne of Glass, #3)",Sarah J. Maas,4.44,1757290,447,5,https://www.goodreads.com/book/show/76706470-heir-of-fire,17,3
1650.0,Savvy Sage Online (Savvy Sage Online #1),Richard Sprout,4.19,223,447,5,https://www.goodreads.com/book/show/54501329-savvy-sage-online,17,1
1653.0,Americanah,Chimamanda Ngozi Adichie,4.31,425787,446,5,https://www.goodreads.com/book/show/15796700-americanah,17,3
1653.0,The Last Time I Lied,Riley Sager,3.99,240937,446,5,https://www.goodreads.com/book/show/36626748-the-last-time-i-lied,17,3
1653.0,Revolutionary Road,Richard Yates,3.94,95625,446,5,https://www.goodreads.com/book/show/48328.Revolutionary_Road,17,3
1653.0,"1st to Die (Women's Murder Club, #1)",James Patterson,4.1,365271,446,7,https://www.goodreads.com/book/show/13137.1st_to_Die,17,3
1657.0,"Splintered (Splintered, #1)",A.G. Howard,3.89,68232,445,5,https://www.goodreads.com/book/show/12558285-splintered,17,0
1657.0,"End of Days (Penryn & the End of Days, #3)",Susan Ee,4.05,74601,445,5,https://www.goodreads.com/book/show/18500665-end-of-days,17,3
1657.0,I Am Pilgrim,Terry Hayes,4.31,208289,445,6,https://www.goodreads.com/book/show/18144124-i-am-pilgrim,17,3
1657.0,"The Pillars of the Earth (Kingsbridge, #1)",Ken Follett,4.35,857215,445,5,https://www.goodreads.com/book/show/5043.The_Pillars_of_the_Earth,17,3
1657.0,A Is for Alibi (Kinsey Millhone #1),Sue Grafton,3.86,194723,445,6,https://www.goodreads.com/book/show/64863.A_Is_for_Alibi,17,0
1657.0,Monster,Walter Dean Myers,3.73,76254,445,5,https://www.goodreads.com/book/show/44184.Monster,17,0
1657.0,"The Law of Innocence (The Lincoln Lawyer, #6; Harry Bosch Universe #35)",Michael Connelly,4.36,82694,445,6,https://www.goodreads.com/book/show/51810799-the-law-of-innocence,17,3
1664.0,"Samantha's Revenge (Arcadia's Children, #1)",Andrew R. Williams,4.39,191,444,5,https://www.goodreads.com/book/show/34593324-samantha-s-revenge,17,1
1664.0,The Well House,M.S. Matassa,4.31,338,444,5,https://www.goodreads.com/book/show/20961995-the-well-house,17,1
1664.0,Quarantina,Wayne Tatum,4.32,102,444,5,https://www.goodreads.com/book/show/56647898-quarantina,17,1
1664.0,"Maisie Dobbs (Maisie Dobbs, #1)",Jacqueline Winspear,3.93,126612,444,5,https://www.goodreads.com/book/show/462033.Maisie_Dobbs,17,3
1668.0,Dead Babies,Martin Amis,3.37,6472,443,5,https://www.goodreads.com/book/show/18833.Dead_Babies,17,0
1668.0,Before We Were Yours,Lisa Wingate,4.4,758277,443,6,https://www.goodreads.com/book/show/32148570-before-we-were-yours,17,3
1670.0,"Theft of Swords (The Riyria Revelations, #1-2)",Michael J. Sullivan,4.23,79589,442,5,https://www.goodreads.com/book/show/10790290-theft-of-swords,17,3
1670.0,"Get the Boy, Own the Future",Gabriel F.W. Koch,4.3,802,442,5,https://www.goodreads.com/book/show/139788293-get-the-boy-own-the-future,17,1
1672.0,"Transfer of Power (Mitch Rapp, #3)",Vince Flynn,4.35,62261,441,5,https://www.goodreads.com/book/show/184655.Transfer_of_Power,17,3
1672.0,The Friend,Teresa Driscoll,4.01,32420,441,5,https://www.goodreads.com/book/show/35906836-the-friend,17,3
1672.0,"Broken Harbor (Dublin Murder Squad, #4)",Tana French,3.95,113443,441,6,https://www.goodreads.com/book/show/16171207-broken-harbor,17,3
1672.0,"Past Tense (Jack Reacher, #23)",Lee Child,4.07,80867,441,5,https://www.goodreads.com/book/show/34019122-past-tense,17,3
1676.0,The Best Short Stories of O. Henry,O. Henry,4.25,4451,440,5,https://www.goodreads.com/book/show/14467.The_Best_Short_Stories_of_O_Henry,17,1
1676.0,"The Scar (New Crobuzon, #2)",China Miéville,4.19,35552,440,5,https://www.goodreads.com/book/show/68497.The_Scar,17,3
1676.0,The Girl Before,J.P. Delaney,3.7,170841,440,6,https://www.goodreads.com/book/show/28016509-the-girl-before,17,0
1676.0,The Litigators,John Grisham,3.91,86923,440,5,https://www.goodreads.com/book/show/11600163-the-litigators,17,3
1680.0,Number the Stars,Lois Lowry,4.2,636481,439,5,https://www.goodreads.com/book/show/47281.Number_the_Stars,17,3
1680.0,"Forever Odd (Odd Thomas, #2)",Dean Koontz,3.98,82422,439,6,https://www.goodreads.com/book/show/16433.Forever_Odd,17,3
1680.0,What I Wish I Said: Confessions of a Columnist,Jaime Watt,4.28,289,439,5,https://www.goodreads.com/book/show/156699837-what-i-wish-i-said,17,1
1683.0,"Criminal (Will Trent, #6)",Karin Slaughter,4.28,78020,438,5,https://www.goodreads.com/book/show/12922320-criminal,17,3
1683.0,Kurintor Nyusi,Aaron-Michael Hall,4.37,114,438,5,https://www.goodreads.com/book/show/39282719-kurintor-nyusi,17,1
1683.0,"Tiger and the Robot (Chandler Gray, #1)",Grahame Shannon,4.37,248,438,5,https://www.goodreads.com/book/show/33560584-tiger-and-the-robot,17,1
1683.0,"Crossover (Cross your Heart and Die, #1)",Diane L. Kowalyshyn,4.29,187,438,5,https://www.goodreads.com/book/show/57169623-crossover,17,1
1683.0,"Unravel Me (Shatter Me, #2)",Tahereh Mafi,4.09,818586,438,5,https://www.goodreads.com/book/show/13104080-unravel-me,17,3
1688.0,Jesus’ Son,Denis Johnson,4.12,43079,437,6,https://www.goodreads.com/book/show/608287.Jesus_Son,17,3
1688.0,Assuming Names: A Con Artist's Masquerade,Tanya Thompson,3.66,26635,437,5,https://www.goodreads.com/book/show/21449526-assuming-names,17,0
1688.0,"When Life Gives You Lululemons (The Devil Wears Prada, #3)",Lauren Weisberger,3.74,86635,437,5,https://www.goodreads.com/book/show/36373647-when-life-gives-you-lululemons,17,0
1688.0,The Scarlet Pimpernel,Emmuska Orczy,4.07,144059,437,5,https://www.goodreads.com/book/show/136116.The_Scarlet_Pimpernel,17,3
1692.0,Euphoria,Lily King,3.87,110144,436,5,https://www.goodreads.com/book/show/18467802-euphoria,17,0
1693.0,"Aristotle and Dante Discover the Secrets of the Universe (Aristotle and Dante, #1)",Benjamin Alire Sáenz,4.28,693341,433,5,https://www.goodreads.com/book/show/12000020-aristotle-and-dante-discover-the-secrets-of-the-universe,17,3
1693.0,Lady Chatterley’s Lover,D.H. Lawrence,3.5,142052,433,5,https://www.goodreads.com/book/show/32049.Lady_Chatterley_s_Lover,17,0
1693.0,"Finders Keepers (Bill Hodges Trilogy, #2)",Stephen King,4.07,197425,433,5,https://www.goodreads.com/book/show/23492589-finders-keepers,17,3
1693.0,A Long Way Down,Nick Hornby,3.44,92712,433,5,https://www.goodreads.com/book/show/10073.A_Long_Way_Down,17,0
1697.0,This Is How You Lose Her,Junot Díaz,3.74,100790,432,5,https://www.goodreads.com/book/show/13503109-this-is-how-you-lose-her,17,0
1697.0,"Fairest (The Lunar Chronicles, #3.5)",Marissa Meyer,3.94,159075,432,5,https://www.goodreads.com/book/show/22489107-fairest,17,3
1697.0,Ghettoside: A True Story of Murder in America,Jill Leovy,4.07,20200,432,5,https://www.goodreads.com/book/show/13153693-ghettoside,17,3
1700.0,"Blue Bloods (Blue Bloods, #1)",Melissa de la Cruz,3.7,144586,431,5,https://www.goodreads.com/book/show/872333.Blue_Bloods,17,0
1700.0,"The Concrete Blonde (Harry Bosch, #3; Harry Bosch Universe, #3)",Michael Connelly,4.24,82991,431,5,https://www.goodreads.com/book/show/49350.The_Concrete_Blonde,18,3
1700.0,The Thin Man,Dashiell Hammett,3.89,39436,431,6,https://www.goodreads.com/book/show/80616.The_Thin_Man,18,0
1700.0,"A Perilous Undertaking (Veronica Speedwell, #2)",Deanna Raybourn,4.08,35612,431,5,https://www.goodreads.com/book/show/30008834-a-perilous-undertaking,18,3
1700.0,Ice Hunt,James Rollins,4.06,19887,431,5,https://www.goodreads.com/book/show/294044.Ice_Hunt,18,3
1700.0,Saint Richard Parker,Merlin Franco,4.28,5695,431,5,https://www.goodreads.com/book/show/198132147-saint-richard-parker,18,1
1706.0,A Dark-Adapted Eye,Barbara Vine,3.93,10161,430,5,https://www.goodreads.com/book/show/83422.A_Dark_Adapted_Eye,18,0
1706.0,"The Devil Wears Prada (The Devil Wears Prada, #1)",Lauren Weisberger,3.82,951589,430,5,https://www.goodreads.com/book/show/5139.The_Devil_Wears_Prada,18,3
1706.0,East of Eden,John Steinbeck,4.46,718035,430,8,https://www.goodreads.com/book/show/4406.East_of_Eden,18,3
1706.0,"The Great Hunt (The Wheel of Time, #2)",Robert Jordan,4.27,366624,430,5,https://www.goodreads.com/book/show/233649.The_Great_Hunt,18,3
1706.0,The Dinner,Herman Koch,3.22,179635,430,6,https://www.goodreads.com/book/show/40718205-the-dinner,18,0
1706.0,Bonfire,Krysten Ritter,3.53,23913,430,5,https://www.goodreads.com/book/show/40718304-bonfire,18,0
1706.0,Not a Happy Family,Shari Lapena,3.78,226196,430,5,https://www.goodreads.com/book/show/56366617-not-a-happy-family,18,0
1713.0,Where the Red Fern Grows,Wilson Rawls,4.13,450279,429,5,https://www.goodreads.com/book/show/10365.Where_the_Red_Fern_Grows,18,3
1713.0,"Throne of Glass (Throne of Glass, #1)",Sarah J. Maas,4.18,2677830,429,5,https://www.goodreads.com/book/show/76703559-throne-of-glass,18,3
1715.0,"Daughter of the Blood (The Black Jewels, #1)",Anne Bishop,4.02,44636,428,5,https://www.goodreads.com/book/show/47956.Daughter_of_the_Blood,18,3
1715.0,"Map of Bones (Sigma Force, #2)",James Rollins,4.08,63971,428,5,https://www.goodreads.com/book/show/92147.Map_of_Bones,18,3
1715.0,Tell the Wolves I'm Home,Carol Rifka Brunt,4.02,151488,428,5,https://www.goodreads.com/book/show/12875258-tell-the-wolves-i-m-home,18,3
1715.0,Behold the Dreamers,Imbolo Mbue,3.94,87506,428,5,https://www.goodreads.com/book/show/35259724-behold-the-dreamers,18,3
1715.0,Unaccustomed Earth,Jhumpa Lahiri,4.14,98059,428,5,https://www.goodreads.com/book/show/85301.Unaccustomed_Earth,18,3
1715.0,"Betrayal in Death (In Death, #12)",J.D. Robb,4.35,37453,428,6,https://www.goodreads.com/book/show/762064.Betrayal_in_Death,18,3
1715.0,"Firestarters: How Innovators, Instigators, and Initiators Can Inspire You to Ignite Your Own Life",Raoul Davis Jr.,4.29,4818,428,5,https://www.goodreads.com/book/show/33946361-firestarters,18,1
1715.0,Piranesi,Susanna Clarke,4.2,571149,428,5,https://www.goodreads.com/book/show/50202953-piranesi,18,3
1723.0,"The Absent One (Department Q, #2)",Jussi Adler-Olsen,3.89,51201,427,6,https://www.goodreads.com/book/show/13505130-the-absent-one,18,0
1723.0,"A Clean Kill in Tokyo (John Rain, #1)",Barry Eisler,3.99,19613,427,5,https://www.goodreads.com/book/show/925.A_Clean_Kill_in_Tokyo,18,3
1723.0,"The Andromeda Strain (Andromeda, #1)",Michael Crichton,3.91,276824,427,5,https://www.goodreads.com/book/show/7670.The_Andromeda_Strain,18,3
1723.0,Adjustment Day,Chuck Palahniuk,3.2,10249,427,5,https://www.goodreads.com/book/show/36349731-adjustment-day,18,0
1723.0,Romeo and Juliet,William Shakespeare,3.74,2887751,427,5,https://www.goodreads.com/book/show/18135.Romeo_and_Juliet,18,0
1723.0,Doctor Zhivago,Boris Pasternak,4.01,105451,427,5,https://www.goodreads.com/book/show/130440.Doctor_Zhivago,18,3
1723.0,"The Bourne Ultimatum (Jason Bourne, #3)",Robert Ludlum,4.08,68036,427,5,https://www.goodreads.com/book/show/31259.The_Bourne_Ultimatum,18,3
1723.0,"Stalker (Joona Linna, #5)",Lars Kepler,4.14,30309,427,5,https://www.goodreads.com/book/show/22554261-stalker,18,3
1723.0,Wit,Margaret Edson,4.14,17798,427,5,https://www.goodreads.com/book/show/171201.Wit,18,3
1732.0,"The Alloy of Law (Mistborn, #4)",Brandon Sanderson,4.19,312158,426,5,https://www.goodreads.com/book/show/10803121-the-alloy-of-law,18,3
1732.0,We Were the Lucky Ones,Georgia Hunter,4.42,208008,426,5,https://www.goodreads.com/book/show/30267929-we-were-the-lucky-ones,18,3
1732.0,"Bird Box (Bird Box, #1)",Josh Malerman,4.05,216915,426,5,https://www.goodreads.com/book/show/44646576-bird-box,18,3
1732.0,"The Elite (The Selection, #2)",Kiera Cass,3.94,896075,426,5,https://www.goodreads.com/book/show/16248068-the-elite,18,3
1732.0,"Caraval (Caraval, #1)",Stephanie Garber,3.97,974270,426,5,https://www.goodreads.com/book/show/27883214-caraval,18,3
1737.0,"The 39 Steps (Richard Hannay, #1)",John Buchan,3.59,48867,425,6,https://www.goodreads.com/book/show/153492.The_39_Steps,18,0
1737.0,"The Bear and the Nightingale (The Winternight Trilogy, #1)",Katherine Arden,4.08,244942,425,5,https://www.goodreads.com/book/show/25489134-the-bear-and-the-nightingale,18,3
1737.0,"Girls of Paper and Fire (Girls of Paper and Fire, #1)",Natasha Ngan,3.8,59828,425,5,https://www.goodreads.com/book/show/34433755-girls-of-paper-and-fire,18,0
1737.0,"Dark Fire (Matthew Shardlake, #2)",C.J. Sansom,4.3,33969,425,5,https://www.goodreads.com/book/show/138683.Dark_Fire,18,3
1737.0,Tell Me Your Dreams,Sidney Sheldon,3.99,56355,425,5,https://www.goodreads.com/book/show/43326.Tell_Me_Your_Dreams,18,3
1742.0,Eye of the Needle,Ken Follett,4.22,174064,424,5,https://www.goodreads.com/book/show/92364.Eye_of_the_Needle,18,3
1742.0,The Grim Reaper,William Hanna,4.32,161,424,5,https://www.goodreads.com/book/show/52445828-the-grim-reaper,18,1
1744.0,"Monstrous Regiment (Discworld, #31; Industrial Revolution, #3)",Terry Pratchett,4.27,86793,423,6,https://www.goodreads.com/book/show/34511.Monstrous_Regiment,18,3
1744.0,"Stalking Jack the Ripper (Stalking Jack the Ripper, #1)",Kerri Maniscalco,3.92,186890,423,6,https://www.goodreads.com/book/show/40727470-stalking-jack-the-ripper,18,3
1746.0,"The Mephisto Club (Rizzoli & Isles, #6)",Tess Gerritsen,4.03,52854,422,5,https://www.goodreads.com/book/show/32254.The_Mephisto_Club,18,3
1746.0,Don't Let Go,Harlan Coben,4.05,85113,422,5,https://www.goodreads.com/book/show/34001659-don-t-let-go,18,3
1746.0,The Sorrows of Young Werther,Johann Wolfgang von Goethe,3.7,163106,422,5,https://www.goodreads.com/book/show/16640.The_Sorrows_of_Young_Werther,18,0
1746.0,"Thrice the Brinded Cat Hath Mew'd (Flavia de Luce, #8)",Alan Bradley,3.99,24707,422,5,https://www.goodreads.com/book/show/26194013-thrice-the-brinded-cat-hath-mew-d,18,3
1750.0,"The Elfstones of Shannara (The Original Shannara Trilogy, #2)",Terry Brooks,3.99,74797,421,5,https://www.goodreads.com/book/show/189783.The_Elfstones_of_Shannara,18,3
1750.0,"Starcrossed (Starcrossed, #1)",Josephine Angelini,4.05,76183,421,5,https://www.goodreads.com/book/show/9462795-starcrossed,18,3
1750.0,"The Immortal Rules (Blood of Eden, #1)",Julie Kagawa,4.07,72707,421,5,https://www.goodreads.com/book/show/10215349-the-immortal-rules,18,3
1753.0,Flowers for Algernon,Daniel Keyes,4.25,841111,420,6,https://www.goodreads.com/book/show/18373.Flowers_for_Algernon,18,3
1753.0,Dear John,Nicholas Sparks,4.04,624069,420,5,https://www.goodreads.com/book/show/5526.Dear_John,18,3
1755.0,"The Sleeping Doll (Kathryn Dance, #1)",Jeffery Deaver,3.95,21566,419,5,https://www.goodreads.com/book/show/1050383.The_Sleeping_Doll,18,3
1755.0,Inferno,Dante Alighieri,4.03,212789,419,5,https://www.goodreads.com/book/show/15645.Inferno,18,3
1755.0,"The Faithful Spy (John Wells, #1)",Alex Berenson,4.03,18286,419,6,https://www.goodreads.com/book/show/341553.The_Faithful_Spy,18,3
1758.0,"The Wide Window (A Series of Unfortunate Events, #3)",Lemony Snicket,3.95,216083,418,5,https://www.goodreads.com/book/show/438492.The_Wide_Window,18,3
1758.0,Dandelion Wine,Ray Bradbury,4.09,81881,418,5,https://www.goodreads.com/book/show/50033.Dandelion_Wine,18,3
1758.0,"Moon Over Soho (Rivers of London, #2)",Ben Aaronovitch,4.08,76308,418,5,https://www.goodreads.com/book/show/10381195-moon-over-soho,18,3
1761.0,"The Fifth Witness (The Lincoln Lawyer, #4; Harry Bosch Universe, #23)",Michael Connelly,4.25,95751,416,5,https://www.goodreads.com/book/show/9681098-the-fifth-witness,18,3
1762.0,The Sculptress,Minette Walters,3.91,12025,415,5,https://www.goodreads.com/book/show/41325.The_Sculptress,18,0
1763.0,A Brief History of Time,Stephen W. Hawking,4.21,492949,414,5,https://www.goodreads.com/book/show/3869.A_Brief_History_of_Time,18,3
1763.0,"The Last Mile (Amos Decker, #2)",David Baldacci,4.24,108649,414,5,https://www.goodreads.com/book/show/26245853-the-last-mile,18,3
1763.0,"The Wrath and the Dawn (The Wrath and the Dawn, #1)",Renée Ahdieh,4.04,188253,414,5,https://www.goodreads.com/book/show/18798983-the-wrath-and-the-dawn,18,3
1766.0,"The Memoirs of Sherlock Holmes (Sherlock Holmes, #4)",Arthur Conan Doyle,4.29,108172,413,5,https://www.goodreads.com/book/show/194373.The_Memoirs_of_Sherlock_Holmes,18,3
1767.0,"Touch & Go (Tessa Leoni, #2; Detective D.D. Warren, #7)",Lisa Gardner,4.08,42126,412,5,https://www.goodreads.com/book/show/15811495-touch-go,18,3
1767.0,"Vampire Academy (Vampire Academy, #1)",Richelle Mead,4.1,688376,412,7,https://www.goodreads.com/book/show/345627.Vampire_Academy,18,3
1767.0,Bossypants,Tina Fey,3.96,1072676,412,5,https://www.goodreads.com/book/show/9418327-bossypants,18,3
1767.0,"The Doomsday Key (Sigma Force, #6)",James Rollins,4.18,31974,412,5,https://www.goodreads.com/book/show/5171894-the-doomsday-key,18,3
1771.0,Airframe,Michael Crichton,3.75,90982,411,5,https://www.goodreads.com/book/show/7667.Airframe,18,0
1771.0,Nine Stories,J.D. Salinger,4.18,150396,411,5,https://www.goodreads.com/book/show/4009.Nine_Stories,18,3
1771.0,Safe Haven,Nicholas Sparks,4.22,406851,411,5,https://www.goodreads.com/book/show/40603730-safe-haven,18,3
1774.0,"The Valley of Horses (Earth's Children, #2)",Jean M. Auel,4.05,98367,410,5,https://www.goodreads.com/book/show/40493.The_Valley_of_Horses,18,3
1774.0,"Game (I Hunt Killers, #2)",Barry Lyga,4.22,15035,410,5,https://www.goodreads.com/book/show/15790833-game,18,3
1776.0,The Distant Hours,Kate Morton,3.89,86474,409,5,https://www.goodreads.com/book/show/6746018-the-distant-hours,18,0
1776.0,Master of the Game,Sidney Sheldon,4.15,61358,409,6,https://www.goodreads.com/book/show/43330.Master_of_the_Game,18,3
1776.0,"The Scarecrow (Jack McEvoy, #2; Harry Bosch Universe, #20)",Michael Connelly,4.11,58455,409,5,https://www.goodreads.com/book/show/4527502-the-scarecrow,18,3
1776.0,Lexicon,Max Barry,3.9,41472,409,5,https://www.goodreads.com/book/show/16158596-lexicon,18,0
1776.0,"A Good Girl's Guide to Murder (A Good Girl's Guide to Murder, #1)",Holly Jackson,4.28,1918778,409,5,https://www.goodreads.com/book/show/40916679-a-good-girl-s-guide-to-murder,18,3
1781.0,"Are You There God? It’s Me, Margaret",Judy Blume,3.95,260662,408,5,https://www.goodreads.com/book/show/37732.Are_You_There_God_It_s_Me_Margaret,18,3
1781.0,"A Torch Against the Night (An Ember in the Ashes, #2)",Sabaa Tahir,4.21,207858,408,5,https://www.goodreads.com/book/show/25558608-a-torch-against-the-night,18,3
1781.0,The Dispossessed: An Ambiguous Utopia,Ursula K. Le Guin,4.26,162375,408,5,https://www.goodreads.com/book/show/13651.The_Dispossessed,18,3
1781.0,"Winter (The Lunar Chronicles, #4)",Marissa Meyer,4.41,320242,408,5,https://www.goodreads.com/book/show/13206900-winter,18,3
1781.0,Cleopatra's Daughter,Michelle Moran,4.12,31337,408,5,https://www.goodreads.com/book/show/6340471-cleopatra-s-daughter,18,3
1786.0,Still Missing,Chevy Stevens,4.01,110817,407,5,https://www.goodreads.com/book/show/7159515-still-missing,18,3
1786.0,"The Power of Six (Lorien Legacies, #2)",Pittacus Lore,4.14,144184,407,6,https://www.goodreads.com/book/show/8659601-the-power-of-six,18,3
1786.0,Broken Monsters,Lauren Beukes,3.58,24281,407,5,https://www.goodreads.com/book/show/23341578-broken-monsters,18,0
1786.0,Our Town,Thornton Wilder,3.75,60645,407,5,https://www.goodreads.com/book/show/205476.Our_Town,18,0
1790.0,"The Word is Murder (Hawthorne & Horowitz, #1)",Anthony Horowitz,3.92,107650,406,5,https://www.goodreads.com/book/show/36204075-the-word-is-murder,18,3
1791.0,"The Man in the Brown Suit (Colonel Race, #1)",Agatha Christie,3.95,128717,405,6,https://www.goodreads.com/book/show/209194.The_Man_in_the_Brown_Suit,18,3
1791.0,"Fablehaven (Fablehaven, #1)",Brandon Mull,4.14,181702,405,5,https://www.goodreads.com/book/show/44652.Fablehaven,18,3
1791.0,"Grave Sight (Harper Connelly, #1)",Charlaine Harris,3.87,66896,405,5,https://www.goodreads.com/book/show/58077.Grave_Sight,18,0
1794.0,The Power and the Glory,Graham Greene,3.99,45538,404,5,https://www.goodreads.com/book/show/3690.The_Power_and_the_Glory,18,3
1794.0,"The Furthest Station (Rivers of London, #5.5)",Ben Aaronovitch,4.1,22189,404,5,https://www.goodreads.com/book/show/31626329-the-furthest-station,18,3
1796.0,"A Storm of Swords (A Song of Ice and Fire, #3)",George R.R. Martin,4.55,870065,403,5,https://www.goodreads.com/book/show/62291.A_Storm_of_Swords,18,3
1796.0,Chronicle of a Death Foretold,Gabriel García Márquez,3.97,251318,403,5,https://www.goodreads.com/book/show/23878.Chronicle_of_a_Death_Foretold,18,3
1796.0,A Man for All Seasons: A Play in Two Acts,Robert Bolt,3.9,15219,403,5,https://www.goodreads.com/book/show/403098.A_Man_for_All_Seasons,18,0
1796.0,Killers of the Flower Moon: The Osage Murders and the Birth of the FBI,David Grann,4.14,469610,403,5,https://www.goodreads.com/book/show/29496076-killers-of-the-flower-moon,18,3
1796.0,"A Room Full of Bones (Ruth Galloway Mysteries, #4)",Elly Griffiths,3.92,32519,403,5,https://www.goodreads.com/book/show/12624533-a-room-full-of-bones,18,0
1801.0,The Ruins of Woodman's Village (An LT Nichols Mystery #1),Albert Waitt,4.27,449,402,5,https://www.goodreads.com/book/show/123047955-the-ruins-of-woodman-s-village,19,1
1802.0,"Plum Island (John Corey, #1)",Nelson DeMille,4.07,61014,401,5,https://www.goodreads.com/book/show/33810.Plum_Island,19,3
1802.0,"Second Foundation (Foundation, #3)",Isaac Asimov,4.28,208819,401,5,https://www.goodreads.com/book/show/29580.Second_Foundation,19,3
1804.0,Kestrel's Midnight Song,J.R. Parker,4.01,205,400,4,https://www.goodreads.com/book/show/8214792-kestrel-s-midnight-song,19,1
1804.0,"Children of Paranoia (Children of Paranoia, #1)",Trevor Shane,3.69,720,400,4,https://www.goodreads.com/book/show/10768183-children-of-paranoia,19,0
1804.0,"Nocturne, Opus 1: Sea Foam",Norene Moskalski,3.75,1312,400,4,https://www.goodreads.com/book/show/16520900-nocturne-opus-1,19,0
1804.0,Dead Size,Sawney Hatton,3.42,102,400,4,https://www.goodreads.com/book/show/17210188-dead-size,19,0
1804.0,A Warm Place to Call Home,Michael Siemsen,4.03,601,400,4,https://www.goodreads.com/book/show/18900303-a-warm-place-to-call-home,19,1
1804.0,First Night of Summer,Landon Parham,3.95,238,400,4,https://www.goodreads.com/book/show/17466895-first-night-of-summer,19,1
1804.0,Fifteen Weekends,Christy Pastore,4.3,175,400,4,https://www.goodreads.com/book/show/22002982-fifteen-weekends,19,1
1804.0,The Eagle's Secret,Erez Aharoni,3.87,97,400,4,https://www.goodreads.com/book/show/22049639-the-eagle-s-secret,19,1
1804.0,"All for One (Sky Ghosts, #1)",Alexandra Engellmann,3.8,463,400,4,https://www.goodreads.com/book/show/25635011-all-for-one,19,0
1804.0,Asleep,Krystal Wade,3.91,279,400,4,https://www.goodreads.com/book/show/27841704-asleep,19,1
1804.0,The Fridge Drawings,D. Bunyan,3.91,34,400,4,https://www.goodreads.com/book/show/33009106-the-fridge-drawings,19,1
1804.0,Before I Fall,Lauren Oliver,3.88,348670,400,5,https://www.goodreads.com/book/show/6482837-before-i-fall,19,3
1804.0,Enemies of Doves,Shanessa Gluhm,4.42,657,400,4,https://www.goodreads.com/book/show/51494449-enemies-of-doves,19,1
1804.0,We're All Lying,Marie Still,3.31,1471,400,4,https://www.goodreads.com/book/show/62329475-we-re-all-lying,19,0
1804.0,"The Hidden Oracle (The Trials of Apollo, #1)",Rick Riordan,4.12,241346,400,5,https://www.goodreads.com/book/show/26252859-the-hidden-oracle,19,3
1804.0,The Secret of Leifeng Pagoda (Professor Shantanu Bose #3),Ruby Gupta,4.65,91,400,4,https://www.goodreads.com/book/show/62071256-the-secret-of-leifeng-pagoda,19,1
1804.0,The Interloper,Hannah Patterson,4.27,59,400,4,https://www.goodreads.com/book/show/239500886-the-interloper,19,1
1804.0,Willow Creek:The Girl Who Never Came Home,R.E. Lewis,4.41,17,400,4,https://www.goodreads.com/book/show/251579541-willow-creek,19,1
1804.0,Ariends - Première Partie : la Citadelle Argentee,François Dubs,5.0,65,400,4,https://www.goodreads.com/book/show/94275931-ariends---premi-re-partie,19,1
1804.0,A Ghostly Trickster (Ghostly Adventures Book 3),Carla Solomon,4.78,23,400,4,https://www.goodreads.com/book/show/253825409-a-ghostly-trickster,19,1
1824.0,"The Magicians' Guild (The Black Magician Trilogy, #1)",Trudi Canavan,3.95,92176,399,5,https://www.goodreads.com/book/show/28249.The_Magicians_Guild,19,3
1824.0,The Mechanics of Memory,Audrey Lee,3.81,532,399,4,https://www.goodreads.com/book/show/199597622-the-mechanics-of-memory,19,0
1826.0,Creatures of Appetite (Emma Kane / Jacob Thorne #1),Todd Travis,4.12,4659,398,4,https://www.goodreads.com/book/show/17404852-creatures-of-appetite,19,3
1826.0,Spiderstalk,D. Nathan Hilliard,4.16,254,398,4,https://www.goodreads.com/book/show/18626140-spiderstalk,19,1
1826.0,"Diary of a Wimpy Kid (Diary of a Wimpy Kid, #1)",Jeff Kinney,3.98,810974,398,5,https://www.goodreads.com/book/show/389627.Diary_of_a_Wimpy_Kid,19,3
1826.0,"The Last Policeman (The Last Policeman, #1)",Ben H. Winters,3.77,36446,398,7,https://www.goodreads.com/book/show/13330370-the-last-policeman,19,0
1826.0,Live Digital or Be Irrelevant: My Firsthand Narrative of Transformation to Becoming a Digital Citizen Ready for a Dynamic Future,A.K. Smith-Ford,4.34,187,398,5,https://www.goodreads.com/book/show/53194175-live-digital-or-be-irrelevant,19,1
1831.0,"Virtual Justice (Lorne Simpkins, #7)",M.A. Comley,4.38,801,397,4,https://www.goodreads.com/book/show/18912774-virtual-justice,19,1
1831.0,The Shining Girls,Lauren Beukes,3.54,55316,397,5,https://www.goodreads.com/book/show/16131077-the-shining-girls,19,0
1831.0,コンビニ人間 [Konbini ningen],Sayaka Murata,3.66,407797,397,5,https://www.goodreads.com/book/show/31203000-konbini-ningen,19,0
1834.0,Until You're Mine,Samantha Hayes,3.89,10644,396,5,https://www.goodreads.com/book/show/18240246-until-you-re-mine,19,0
1834.0,"Dom Wars: Round Four (Dom Wars, #4)",Lucian Bane,4.3,1150,396,4,https://www.goodreads.com/book/show/22060845-dom-wars,19,1
1834.0,"The Bone Season (The Bone Season, #1)",Samantha Shannon,3.85,108308,396,5,https://www.goodreads.com/book/show/17199504-the-bone-season,19,0
1834.0,"Shatter Me (Shatter Me, #1)",Tahereh Mafi,3.84,1315220,396,5,https://www.goodreads.com/book/show/10429045-shatter-me,19,3
1834.0,The Clockmaker's Daughter,Kate Morton,3.75,109797,396,4,https://www.goodreads.com/book/show/38530939-the-clockmaker-s-daughter,19,0
1839.0,The Gone-Away World,Nick Harkaway,4.09,14666,395,4,https://www.goodreads.com/book/show/3007704-the-gone-away-world,19,3
1839.0,"Blue Lily, Lily Blue (The Raven Cycle, #3)",Maggie Stiefvater,4.25,185379,395,5,https://www.goodreads.com/book/show/17378508-blue-lily-lily-blue,19,3
1839.0,"Golden Son (Red Rising Saga, #2)",Pierce Brown,4.51,602481,395,5,https://www.goodreads.com/book/show/18966819-golden-son,19,3
1839.0,"Antigone (Theban Plays, #3)",Sophocles,3.69,183603,395,5,https://www.goodreads.com/book/show/7728.Antigone,19,0
1839.0,Maya: A Novel,Ruby Gupta,4.55,29,395,4,https://www.goodreads.com/book/show/15112621-maya,19,1
1844.0,"The Great Collapse (Survivors of the Pulse, #1)",Jeff W. Horton,3.88,127,394,4,https://www.goodreads.com/book/show/9766649-the-great-collapse,19,1
1844.0,"The Gods of Guilt (The Lincoln Lawyer, #5; Harry Bosch Universe, #26)",Michael Connelly,4.24,77505,394,5,https://www.goodreads.com/book/show/17333227-the-gods-of-guilt,19,3
1844.0,"The High Lord (The Black Magician Trilogy, #3)",Trudi Canavan,4.14,64889,394,5,https://www.goodreads.com/book/show/28251.The_High_Lord,19,3
1844.0,All Good People Here,Ashley Flowers,3.81,359189,394,4,https://www.goodreads.com/book/show/60142750-all-good-people-here,19,0
1848.0,"Murder in Mesopotamia (Hercule Poirot, #14)",Agatha Christie,3.94,73981,393,5,https://www.goodreads.com/book/show/16360.Murder_in_Mesopotamia,19,3
1848.0,Dancing Bear,Oren Sanderson,3.75,89,393,4,https://www.goodreads.com/book/show/22047125-dancing-bear,19,0
1848.0,It's Kind of a Funny Story,Ned Vizzini,4.07,264584,393,5,https://www.goodreads.com/book/show/248704.It_s_Kind_of_a_Funny_Story,19,3
1848.0,"Silent Scream (DI Kim Stone, #1)",Angela Marsons,4.07,47692,393,5,https://www.goodreads.com/book/show/24483265-silent-scream,19,3
1848.0,A Degree In Death (Professor Shantanu Bose #1),Ruby Gupta,4.04,104,393,4,https://www.goodreads.com/book/show/17313839-a-degree-in-death,19,1
1848.0,"The Fifth to Die (4MK Thriller, #2)",J.D. Barker,4.31,51341,393,5,https://www.goodreads.com/book/show/35682475-the-fifth-to-die,19,3
1854.0,"Still Me (Me Before You, #3)",Jojo Moyes,4.11,240314,392,5,https://www.goodreads.com/book/show/41839602-still-me,19,3
1854.0,A Little Life,Hanya Yanagihara,4.26,1006513,392,5,https://www.goodreads.com/book/show/22822858-a-little-life,19,3
1854.0,"First Test (Protector of the Small, #1)",Tamora Pierce,4.25,63934,392,4,https://www.goodreads.com/book/show/153784.First_Test,19,3
1854.0,Dempsey (Tier One #7),Brian Andrews,4.63,3329,392,4,https://www.goodreads.com/book/show/62613181-dempsey,19,1
1858.0,"Death Note, Vol. 1: Boredom (Death Note, #1)",Tsugumi Ohba,4.47,380452,391,5,https://www.goodreads.com/book/show/13615.Death_Note_Vol_1,19,3
1858.0,"Wild Fire (John Corey, #4)",Nelson DeMille,4.08,31691,391,4,https://www.goodreads.com/book/show/1849.Wild_Fire,19,3
1858.0,"The Silkworm (Cormoran Strike, #2)",Robert Galbraith,4.05,301327,391,5,https://www.goodreads.com/book/show/18214414-the-silkworm,19,3
1858.0,"The Adventure of the Christmas Pudding (Hercule Poirot, #37)",Agatha Christie,3.81,34052,391,5,https://www.goodreads.com/book/show/690146.The_Adventure_of_the_Christmas_Pudding,19,0
1858.0,"The Black Echo (Harry Bosch, #1; Harry Bosch Universe, #1)",Michael Connelly,4.15,222243,391,6,https://www.goodreads.com/book/show/32508.The_Black_Echo,19,3
1863.0,"Hyperion (Hyperion Cantos, #1)",Dan Simmons,4.28,317733,390,5,https://www.goodreads.com/book/show/77566.Hyperion,19,3
1864.0,I Know This Much Is True,Wally Lamb,4.21,334201,389,5,https://www.goodreads.com/book/show/5162.I_Know_This_Much_Is_True,19,3
1864.0,Between the World and Me,Ta-Nehisi Coates,4.4,375814,389,5,https://www.goodreads.com/book/show/25489625-between-the-world-and-me,19,3
1864.0,The Cartographers,Peng Shepherd,3.62,83068,389,5,https://www.goodreads.com/book/show/55004093-the-cartographers,19,0
1864.0,"Bunny (Bunny, #1)",Mona Awad,3.44,369152,389,4,https://www.goodreads.com/book/show/42815544-bunny,19,0
1868.0,Trans-Sister Radio,Chris Bohjalian,3.75,11062,388,4,https://www.goodreads.com/book/show/126814.Trans_Sister_Radio,19,0
1868.0,"Busman's Honeymoon (Lord Peter Wimsey, #13)",Dorothy L. Sayers,4.24,22346,388,5,https://www.goodreads.com/book/show/116971.Busman_s_Honeymoon,19,3
1868.0,My Name Is Red,Orhan Pamuk,3.87,63213,388,5,https://www.goodreads.com/book/show/2517.My_Name_Is_Red,19,0
1868.0,Gatsby's Smile,Morana Blue,3.87,1965,388,4,https://www.goodreads.com/book/show/18459045-gatsby-s-smile,19,0
1868.0,Snow Falling on Cedars,David Guterson,3.86,197043,388,5,https://www.goodreads.com/book/show/77142.Snow_Falling_on_Cedars,19,0
1868.0,Tales of the Unexpected,Roald Dahl,4.16,11309,388,5,https://www.goodreads.com/book/show/394689.Tales_of_the_Unexpected,19,3
1868.0,Six Years,Harlan Coben,3.85,103218,388,5,https://www.goodreads.com/book/show/15811568-six-years,19,0
1868.0,No Illusions in Xanadu (Professor Shantanu Bose #2),Ruby Gupta,4.4,43,388,4,https://www.goodreads.com/book/show/45862881-no-illusions-in-xanadu,19,1
1876.0,"Harry Potter and the Cursed Child: Parts One and Two (Harry Potter, #8)",J.K. Rowling,3.47,1170705,387,5,https://www.goodreads.com/book/show/29056083-harry-potter-and-the-cursed-child,19,0
1876.0,The Mothers,Brit Bennett,3.88,131152,387,4,https://www.goodreads.com/book/show/28815371-the-mothers,19,0
1876.0,"Turn Coat (The Dresden Files, #11)",Jim Butcher,4.44,114684,387,5,https://www.goodreads.com/book/show/3475161-turn-coat,19,3
1879.0,"The Purloined Letter (C. Auguste Dupin, #3)",Edgar Allan Poe,3.61,14484,386,5,https://www.goodreads.com/book/show/278854.The_Purloined_Letter,19,0
1879.0,"Rebel Angels (Gemma Doyle, #2)",Libba Bray,3.94,112288,386,5,https://www.goodreads.com/book/show/51428.Rebel_Angels,19,3
1879.0,Lady Windermere's Fan,Oscar Wilde,3.92,27825,386,6,https://www.goodreads.com/book/show/122649.Lady_Windermere_s_Fan,19,0
1882.0,The Bonfire of the Vanities,Tom Wolfe,3.93,89397,385,5,https://www.goodreads.com/book/show/2666.The_Bonfire_of_the_Vanities,19,3
1883.0,"Drums of Autumn (Outlander, #4)",Diana Gabaldon,4.36,274663,384,5,https://www.goodreads.com/book/show/40909452-drums-of-autumn,19,3
1883.0,Magician's Gambit (The Belgariad #3),David Eddings,4.15,96755,384,5,https://www.goodreads.com/book/show/44688.Magician_s_Gambit,19,3
1883.0,Long Bright River,Liz Moore,4.03,215103,384,5,https://www.goodreads.com/book/show/43834909-long-bright-river,19,3
1886.0,A New Earth: Awakening to Your Life's Purpose,Eckhart Tolle,4.17,224989,383,4,https://www.goodreads.com/book/show/76334.A_New_Earth,19,3
1886.0,Britt-Marie Was Here,Fredrik Backman,4.09,212469,383,4,https://www.goodreads.com/book/show/27406704-britt-marie-was-here,19,3
1886.0,"Lord John and the Private Matter (Lord John Grey, #1)",Diana Gabaldon,3.76,51444,383,5,https://www.goodreads.com/book/show/10990.Lord_John_and_the_Private_Matter,19,0
1889.0,What I Was,Meg Rosoff,3.5,4706,382,5,https://www.goodreads.com/book/show/1220721.What_I_Was,19,0
1889.0,"The Woman Who Rides Like a Man (Song of the Lioness, #3)",Tamora Pierce,4.18,84575,382,5,https://www.goodreads.com/book/show/13830.The_Woman_Who_Rides_Like_a_Man,19,3
1889.0,"Magician (The Riftwar Saga, #1-2)",Raymond E. Feist,4.32,73326,382,4,https://www.goodreads.com/book/show/43916.Magician,19,3
1892.0,The Meat Market (Jonathan Harkon Adventures #1),James Chalk,3.69,485,381,4,https://www.goodreads.com/book/show/18754855-the-meat-market,19,0
1892.0,Death of a Salesman,Arthur Miller,3.6,266518,381,7,https://www.goodreads.com/book/show/12898.Death_of_a_Salesman,19,0
1892.0,Dyed Souls,Gary Santorella,4.31,91,381,4,https://www.goodreads.com/book/show/38451700-dyed-souls,19,1
1892.0,"Royal Assassin (Farseer Trilogy, #2)",Robin Hobb,4.3,265890,381,5,https://www.goodreads.com/book/show/25300956-royal-assassin,19,3
1892.0,"One for the Money (Stephanie Plum, #1)",Janet Evanovich,4.04,586545,381,5,https://www.goodreads.com/book/show/6853.One_for_the_Money,19,3
1892.0,"Murder Must Advertise (Lord Peter Wimsey, #10)",Dorothy L. Sayers,4.16,25405,381,6,https://www.goodreads.com/book/show/351559.Murder_Must_Advertise,19,3
1898.0,Precipice,Melissa Luznicky Garrett,3.54,137,380,4,https://www.goodreads.com/book/show/7124287-precipice,19,0
1898.0,"The Kill Artist (Gabriel Allon, #1)",Daniel Silva,3.99,104134,380,4,https://www.goodreads.com/book/show/93794.The_Kill_Artist,19,3
1898.0,"The Last Mrs. Parrish (Mrs. Parrish, #1)",Liv Constantine,3.95,492645,380,5,https://www.goodreads.com/book/show/34043643-the-last-mrs-parrish,19,3
1898.0,The Unquiet Bones,Loreth Anne White,4.15,32148,380,4,https://www.goodreads.com/book/show/151984427-the-unquiet-bones,20,3
1902.0,Ancestors & Angels,Jane L. Cranmer,4.39,28,379,4,https://www.goodreads.com/book/show/10852646-ancestors-angels,20,1
1902.0,Leverage,Katherine Black,4.26,117,379,4,https://www.goodreads.com/book/show/35761231-leverage,20,1
1902.0,"The Girl with All the Gifts (The Girl With All the Gifts, #1)",M.R. Carey,3.95,250298,379,6,https://www.goodreads.com/book/show/17235026-the-girl-with-all-the-gifts,20,3
1902.0,The Red Hand,Michael Stephen Daigle,4.45,83,379,4,https://www.goodreads.com/book/show/51009174-the-red-hand,20,1
1902.0,"Crazy Rich Asians (Crazy Rich Asians, #1)",Kevin Kwan,3.91,562152,379,5,https://www.goodreads.com/book/show/16085481-crazy-rich-asians,20,3
1902.0,"The Short Second Life of Bree Tanner (The Twilight Saga, #3.5)",Stephenie Meyer,3.52,248575,379,4,https://www.goodreads.com/book/show/7937462-the-short-second-life-of-bree-tanner,20,0
1908.0,"The Night Stalker (DCI Erika Foster, #2)",Robert Bryndza,4.16,34612,378,6,https://www.goodreads.com/book/show/29073628-the-night-stalker,20,3
1908.0,"Fifty Shades Freed (Fifty Shades, #3)",E.L. James,3.83,930643,378,5,https://www.goodreads.com/book/show/13536860-fifty-shades-freed,20,3
1908.0,The Perfect Mother,Aimee Molloy,3.52,63901,378,5,https://www.goodreads.com/book/show/35887193-the-perfect-mother,20,0
1908.0,"Serpent & Dove (Serpent & Dove, #1)",Shelby Mahurin,3.96,353754,378,5,https://www.goodreads.com/book/show/40024139-serpent-dove,20,3
1908.0,"The Life We Bury (Joe Talbert, #1; Detective Max Rupert, #1)",Allen Eskens,4.09,224097,378,4,https://www.goodreads.com/book/show/20758175-the-life-we-bury,20,3
1913.0,The Tipping Point: How Little Things Can Make a Big Difference,Malcolm Gladwell,4.01,867257,377,5,https://www.goodreads.com/book/show/2612.The_Tipping_Point,20,3
1913.0,"Arielle Immortal Quickening (Immortal Rapture, #4)",Lilian Roberts,4.42,221,377,4,https://www.goodreads.com/book/show/22514483-arielle-immortal-quickening,20,1
1913.0,"Mr. Kiss and Tell (Veronica Mars, #2)",Rob Thomas,3.98,22979,377,5,https://www.goodreads.com/book/show/21437200-mr-kiss-and-tell,20,3
1913.0,"Lock In (Lock In, #1)",John Scalzi,3.92,73552,377,5,https://www.goodreads.com/book/show/21418013-lock-in,20,3
1913.0,"Queen of Air and Darkness (The Dark Artifices, #3)",Cassandra Clare,4.32,129465,377,4,https://www.goodreads.com/book/show/13541056-queen-of-air-and-darkness,20,3
1918.0,"The Mirror Crack'd From Side to Side (Miss Marple, #8)",Agatha Christie,3.96,57154,376,5,https://www.goodreads.com/book/show/16372.The_Mirror_Crack_d_From_Side_to_Side,20,3
1918.0,"The Oresteia: Agamemnon, The Libation Bearers, The Eumenides",Aeschylus,4.02,48458,376,4,https://www.goodreads.com/book/show/1519.The_Oresteia,20,3
1918.0,"This Savage Song (Monsters of Verity, #1)",Victoria Schwab,4.03,114419,376,5,https://www.goodreads.com/book/show/40642172-this-savage-song,20,3
1918.0,"Rapture in Death (In Death, #4)",J.D. Robb,4.28,56189,376,4,https://www.goodreads.com/book/show/201175.Rapture_in_Death,20,3
1918.0,"Zero to One: Notes on Startups, or How to Build the Future",Peter Thiel,4.14,418297,376,5,https://www.goodreads.com/book/show/18050143-zero-to-one,20,3
1923.0,The Interestings,Meg Wolitzer,3.6,125498,375,4,https://www.goodreads.com/book/show/15815333-the-interestings,20,0
1923.0,"Alone (Detective D.D. Warren, #1)",Lisa Gardner,3.96,77406,375,4,https://www.goodreads.com/book/show/32527.Alone,20,3
1923.0,"Gone, Baby, Gone (Kenzie & Gennaro, #4)",Dennis Lehane,4.16,43729,375,5,https://www.goodreads.com/book/show/425123.Gone_Baby_Gone,20,3
1926.0,"Cat Among the Pigeons (Hercule Poirot, #36)",Agatha Christie,3.87,53478,374,5,https://www.goodreads.com/book/show/16342.Cat_Among_the_Pigeons,20,0
1926.0,Battle Royale,Koushun Takami,4.26,88793,374,6,https://www.goodreads.com/book/show/57891.Battle_Royale,20,3
1926.0,Blindness,José Saramago,4.19,362903,374,4,https://www.goodreads.com/book/show/40495148-blindness,20,3
1926.0,The Bonesetter's Daughter,Amy Tan,4.0,134394,374,5,https://www.goodreads.com/book/show/12555.The_Bonesetter_s_Daughter,20,3
1926.0,"Xenocide (Ender's Saga, #3)",Orson Scott Card,3.82,168148,374,4,https://www.goodreads.com/book/show/8648.Xenocide,20,0
1926.0,"The Inner Circle (Culper Ring, #1)",Brad Meltzer,3.82,27042,374,4,https://www.goodreads.com/book/show/7932146-the-inner-circle,20,0
1932.0,"Pawn of Prophecy (The Belgariad, #1)",David Eddings,4.16,113129,372,4,https://www.goodreads.com/book/show/44659.Pawn_of_Prophecy,20,3
1932.0,The King Who Disappeared,Hank Quense,4.33,188,372,4,https://www.goodreads.com/book/show/43290419-the-king-who-disappeared,20,1
1932.0,The Devil and the Dark Water,Stuart Turton,3.83,68687,372,5,https://www.goodreads.com/book/show/51854625-the-devil-and-the-dark-water,20,0
1935.0,Women Who Run With the Wolves,Clarissa Pinkola Estés,4.1,102522,371,4,https://www.goodreads.com/book/show/241823.Women_Who_Run_With_the_Wolves,20,3
1935.0,The Other Mrs.,Mary Kubica,3.74,177584,371,4,https://www.goodreads.com/book/show/50748999-the-other-mrs,20,0
1935.0,Welcome to the Monkey House,Kurt Vonnegut Jr.,4.13,65866,371,4,https://www.goodreads.com/book/show/4985.Welcome_to_the_Monkey_House,20,3
1935.0,"The Calculating Stars (Lady Astronaut Universe, #1)",Mary Robinette Kowal,3.95,39221,371,5,https://www.goodreads.com/book/show/33080122-the-calculating-stars,20,3
1935.0,"Vanish (Rizzoli & Isles, #5)",Tess Gerritsen,4.15,74686,371,4,https://www.goodreads.com/book/show/32255.Vanish,20,3
1935.0,"The Beautiful Mystery (Chief Inspector Armand Gamache, #8)",Louise Penny,4.2,94726,371,5,https://www.goodreads.com/book/show/16045144-the-beautiful-mystery,20,3
1941.0,"Rainbow Six (John Clark, #2; Jack Ryan Universe, #10)",Tom Clancy,4.14,59823,370,5,https://www.goodreads.com/book/show/5720.Rainbow_Six,20,3
1941.0,"The Young Elites (The Young Elites, #1)",Marie Lu,3.86,144636,370,5,https://www.goodreads.com/book/show/20821111-the-young-elites,20,0
1941.0,"The Fellowship of the Ring (The Lord of the Rings, #1)",J.R.R. Tolkien,4.41,3233504,370,5,https://www.goodreads.com/book/show/34.The_Fellowship_of_the_Ring,20,3
1941.0,"The Complaints (Malcolm Fox, #1)",Ian Rankin,3.88,15920,370,4,https://www.goodreads.com/book/show/6713625-the-complaints,20,0
1945.0,"The Last Coyote (Harry Bosch, #4)",Michael Connelly,4.27,88035,369,4,https://www.goodreads.com/book/show/49353.The_Last_Coyote,20,3
1945.0,Love in the Time of Cholera,Gabriel García Márquez,3.94,562008,369,5,https://www.goodreads.com/book/show/9712.Love_in_the_Time_of_Cholera,20,3
1945.0,"The Emperor's Blades (Chronicle of the Unhewn Throne, #1)",Brian Staveley,4.09,41995,369,5,https://www.goodreads.com/book/show/17910124-the-emperor-s-blades,20,3
1945.0,"Shadows in the Salon (Sugar Mountain, #3)",Kirsten Fullmer,4.31,509,369,4,https://www.goodreads.com/book/show/54733499-shadows-in-the-salon,20,1
1945.0,"The Devil's Star (Harry Hole, #5)",Jo Nesbø,4.07,78853,369,5,https://www.goodreads.com/book/show/498389.The_Devil_s_Star,20,3
1945.0,Live for Me,Emma Thomas,4.35,102,369,5,https://www.goodreads.com/book/show/57090527-live-for-me,20,1
1951.0,Carrie,Stephen King,3.99,881670,368,5,https://www.goodreads.com/book/show/10592.Carrie,20,3
1951.0,The Uncommon Reader,Alan Bennett,3.73,63214,368,6,https://www.goodreads.com/book/show/1096390.The_Uncommon_Reader,20,0
1951.0,"The Angel's Game (The Cemetery of Forgotten Books, #2)",Carlos Ruiz Zafón,4.03,191425,368,4,https://www.goodreads.com/book/show/4912857-the-angel-s-game,20,3
1951.0,They Came to Baghdad,Agatha Christie,3.83,26619,368,5,https://www.goodreads.com/book/show/140337.They_Came_to_Baghdad,20,0
1951.0,A Red Herring Without Mustard (Flavia de Luce #3),Alan Bradley,4.05,47636,368,5,https://www.goodreads.com/book/show/8517008-a-red-herring-without-mustard,20,3
1956.0,"The Robots of Dawn (Robot, #3)",Isaac Asimov,4.2,56792,367,4,https://www.goodreads.com/book/show/41810.The_Robots_of_Dawn,20,3
1956.0,Replay,Ken Grimwood,4.15,47461,367,4,https://www.goodreads.com/book/show/341735.Replay,20,3
1956.0,"2001: A Space Odyssey (Space Odyssey, #1)",Arthur C. Clarke,4.18,343698,367,5,https://www.goodreads.com/book/show/70535.2001,20,3
1956.0,The Lake House,Kate Morton,4.08,134367,367,5,https://www.goodreads.com/book/show/21104828-the-lake-house,20,3
1960.0,"The Sparrow (The Sparrow, #1)",Mary Doria Russell,4.13,84839,366,4,https://www.goodreads.com/book/show/334176.The_Sparrow,20,3
1960.0,Saturday,Ian McEwan,3.64,74957,366,5,https://www.goodreads.com/book/show/5015.Saturday,20,0
1960.0,Lost in Los Angeles,Jenny Lynne,3.82,147,366,4,https://www.goodreads.com/book/show/20437164-lost-in-los-angeles,20,0
1960.0,"Her Last Goodbye (Morgan Dane, #2)",Melinda Leigh,4.32,48830,366,5,https://www.goodreads.com/book/show/35074316-her-last-goodbye,20,3
1960.0,The Husband,Dean Koontz,3.81,50139,366,4,https://www.goodreads.com/book/show/16429.The_Husband,20,0
1960.0,All the King's Men,Robert Penn Warren,4.09,67826,366,4,https://www.goodreads.com/book/show/5527.All_the_King_s_Men,20,3
1960.0,Secrets: in a corrupted society,Dennis K. Hausker,4.36,177,366,4,https://www.goodreads.com/book/show/59845643-secrets,20,1
1967.0,"Ghost Story (The Dresden Files, #13)",Jim Butcher,4.24,108189,365,5,https://www.goodreads.com/book/show/8058301-ghost-story,20,3
1967.0,"Pieces of Her (Andrea Oliver, #1)",Karin Slaughter,3.82,156944,365,4,https://www.goodreads.com/book/show/35887251-pieces-of-her,20,0
1967.0,Anatomy of a Scandal,Sarah Vaughan,3.67,46392,365,5,https://www.goodreads.com/book/show/34466492-anatomy-of-a-scandal,20,0
1970.0,The Story of Edgar Sawtelle,David Wroblewski,3.66,107380,364,4,https://www.goodreads.com/book/show/2731276-the-story-of-edgar-sawtelle,20,0
1970.0,Beauty Beyond Death,Anthony Hulse,4.27,22,364,4,https://www.goodreads.com/book/show/44000535-beauty-beyond-death,20,1
1970.0,The Basketball Diaries,Jim Carroll,3.99,31947,364,4,https://www.goodreads.com/book/show/682745.The_Basketball_Diaries,20,3
1970.0,The Summons,John Grisham,3.74,85877,364,4,https://www.goodreads.com/book/show/5352.The_Summons,20,0
1970.0,Educated,Tara Westover,4.46,1968194,364,4,https://www.goodreads.com/book/show/35133922-educated,20,3
1970.0,"Speaker for the Dead (Ender's Saga, #2)",Orson Scott Card,4.12,277631,364,4,https://www.goodreads.com/book/show/7967.Speaker_for_the_Dead,20,3
1970.0,Something Wicked This Way Comes,Ray Bradbury,3.89,158978,364,4,https://www.goodreads.com/book/show/248596.Something_Wicked_This_Way_Comes,20,3
1970.0,"The Hunter (Parker, #1)",Richard Stark,3.98,15718,364,5,https://www.goodreads.com/book/show/618399.The_Hunter,20,3
1970.0,Six Wakes,Mur Lafferty,3.83,21191,364,6,https://www.goodreads.com/book/show/28962996-six-wakes,20,0
1970.0,"Judgment in Death (In Death, #11)",J.D. Robb,4.36,42215,364,5,https://www.goodreads.com/book/show/89160.Judgment_in_Death,20,3
1970.0,"Lady Midnight (The Dark Artifices, #1)",Cassandra Clare,4.35,249021,364,4,https://www.goodreads.com/book/show/25494343-lady-midnight,20,3
1981.0,"Sleep Tight (DCI Tom Douglas, #3)",Rachel Abbott,4.08,29248,363,5,https://www.goodreads.com/book/show/20894857-sleep-tight,20,3
1981.0,The Broker,John Grisham,3.84,104376,363,4,https://www.goodreads.com/book/show/1110.The_Broker,20,0
1981.0,"Vicious (Villains, #1)",V.E. Schwab,4.17,343184,363,5,https://www.goodreads.com/book/show/40874032-vicious,20,3
1981.0,Fathers and Sons,Ivan Turgenev,4.01,105890,363,4,https://www.goodreads.com/book/show/19117.Fathers_and_Sons,20,3
1981.0,"The Expats (Kate Moore, #1)",Chris Pavone,3.52,40386,363,4,https://www.goodreads.com/book/show/12617758-the-expats,20,0
1981.0,"Vengeance in Death (In Death, #6)",J.D. Robb,4.36,48240,363,6,https://www.goodreads.com/book/show/132778.Vengeance_in_Death,20,3
1987.0,Insanity Never Sleeps,Anthony Hulse,4.35,116,362,4,https://www.goodreads.com/book/show/25541644-insanity-never-sleeps,20,1
1987.0,NOS4A2,Joe Hill,4.07,150883,362,6,https://www.goodreads.com/book/show/15729539-nos4a2,20,3
1987.0,This Side of Paradise,F. Scott Fitzgerald,3.63,81934,362,4,https://www.goodreads.com/book/show/46165.This_Side_of_Paradise,20,0
1987.0,SHADOW PANTHEON: (PANTHEON SAGA BOOK 2) (THE PANTHEON SAGA),Eric Nierstedt,4.28,145,362,4,https://www.goodreads.com/book/show/53935101-shadow-pantheon,20,1
1987.0,The Color Purple,Alice Walker,4.28,772126,362,5,https://www.goodreads.com/book/show/52892857-the-color-purple,20,3
1987.0,"The Sweet Far Thing (Gemma Doyle, #3)",Libba Bray,3.97,73714,362,5,https://www.goodreads.com/book/show/127459.The_Sweet_Far_Thing,20,3
1993.0,Warbreaker,Brandon Sanderson,4.29,303882,361,4,https://www.goodreads.com/book/show/1268479.Warbreaker,20,3
1993.0,Enchanters' End Game (The Belgariad #5),David Eddings,4.2,96938,361,4,https://www.goodreads.com/book/show/44687.Enchanters_End_Game,20,3
1993.0,Primed For Revenge,Carolyn M. Bowen,4.1,67,361,4,https://www.goodreads.com/book/show/43841234-primed-for-revenge,20,1
1993.0,"Darkfever (Fever, #1)",Karen Marie Moning,4.05,192375,361,4,https://www.goodreads.com/book/show/112750.Darkfever,20,3
1997.0,"Fire & Blood (A Targaryen History, #1)",George R.R. Martin,4.06,156923,360,4,https://www.goodreads.com/book/show/39943621-fire-blood,20,3
1997.0,"The Missing Ones (D.I. Lottie Parker, #1)",Patricia Gibney,4.07,39475,360,4,https://www.goodreads.com/book/show/33558545-the-missing-ones,20,3
1997.0,Peace Like a River,Leif Enger,4.03,105417,360,4,https://www.goodreads.com/book/show/227571.Peace_Like_a_River,20,3
1997.0,The Ice Limit - La barrière de glace (Ice Limit #1),Douglas Preston,4.01,23084,360,4,https://www.goodreads.com/book/show/136642.The_Ice_Limit_La_barri_re_de_glace,20,3
